entity,entity_group,actor_type,mentions,unique_stories,weighted_mentions,estimated_reach,share_of_voice,avg_stance,stance_label,avg_sentiment,top_cluster,top_frame,impact_score,narrative_role,sample_headline,sample_link
The Irish Times,Media outlet,Media outlet,37,37,36.25414538342482,15422858,0.0615978106295082,-0.1825135135135135,Lean preserve,0.15,Ukraine war and moral neutrality,Ukraine / Russia / Moral Responsibility,100.0,Media amplifier,Kathy Sheridan: Our neutrality won’t shield us from skyrocketing fuel prices,https://irishtimes.com/opinion/2026/05/06/kathy-sheridan-irish-neutrality-fuel-prices-ukraine-war-refugees
Government,Actor / organisation,State / government,412,222,324.573850215696,54061433,0.09027718198173985,-0.28322815533980583,Lean preserve,0.03337378640776699,Ukraine war and moral neutrality,Other Neutrality Debate,93.2,Government responder / reframer,Kathy Sheridan: Our neutrality won’t shield us from skyrocketing fuel prices,https://irishtimes.com/opinion/2026/05/06/kathy-sheridan-irish-neutrality-fuel-prices-ukraine-war-refugees
The Irish Independent,Media outlet,Media outlet,27,27,25.423826277867448,3408559,0.0431964957380455,-0.0259629629629629,Mixed / unclear,0.0722222222222222,Ukraine war and moral neutrality,Ukraine / Russia / Moral Responsibility,57.3,Media amplifier,New law will free IDA and EI to support firms with defence links,https://independent.ie/world-news/pope-leo-xiv-delivers-easter-message-rejecting-trump-administrations-depiction-of-warlike-god-as-iran-conflict-rages/a130741528.html
The Irish Examiner,Media outlet,Media outlet,21,21,21.007480146479324,8605107,0.0356928778814243,-0.289095238095238,Lean preserve,0.2642857142857143,Ukraine war and moral neutrality,Ukraine / Russia / Moral Responsibility,56.4,Media amplifier,Letters to the Editor: Neutralising Ireland’s neutrality,https://irishexaminer.com/opinion/yourview/arid-41838741.html
Dáil,Actor / organisation,State / government,185,92,144.25052581222567,20815100,0.04012193514991371,-0.5031621621621623,Strong preserve,0.04432432432432432,Defence capability and security gaps,Other Neutrality Debate,51.3,Defender of neutrality,Letters to the Editor: Neutralising Ireland’s neutrality,https://irishexaminer.com/opinion/yourview/arid-41838741.html
Micheál Martin,Actor / organisation,Person,155,73,121.42710648564784,18532056,0.03377381444141621,-0.1630451612903226,Lean preserve,-0.01032258064516129,General neutrality debate,Defence Capability / Underinvestment,46.7,Government responder / reframer,Kathy Sheridan: Our neutrality won’t shield us from skyrocketing fuel prices,https://irishtimes.com/opinion/2026/05/06/kathy-sheridan-irish-neutrality-fuel-prices-ukraine-war-refugees
Sinn Féin,Actor / organisation,Political party,161,75,124.10664807118415,16821205,0.03451910388227642,-0.5097204968944099,Strong preserve,-0.02360248447204969,Sinn Féin and government neutrality clash,Other Neutrality Debate,43.2,Neutrality defender / challenger,Nolan’s Peelers series is both a harrowing insight into the problems facing NI and a damning reflection on Stormont’s failures,https://irishtimes.com/culture/books/review/2026/04/20/crime-fiction-anne-cadwallader-blends-politics-violence-law-and-media-in-gripping-debut
Defence Forces,Actor / organisation,State / government,133,64,106.43152870893108,14266319,0.02960293467716425,-0.4224887218045113,Lean preserve,0.0368421052631579,Defence capability and security gaps,Other Neutrality Debate,38.2,Amplifier / recurring participant,"Ireland must retain triple lock to protect peacekeeping role, says former PDForra chief",https://irishexaminer.com/news/arid-41837093.html
Russia,Actor / organisation,State / geopolitical actor,129,74,102.56583129112244,15157251,0.028527727080982564,0.0352015503875969,Mixed / unclear,-0.022480620155038763,Ukraine war and moral neutrality,Ukraine / Russia / Moral Responsibility,37.2,Geopolitical reference point,Kathy Sheridan: Our neutrality won’t shield us from skyrocketing fuel prices,https://irishtimes.com/opinion/2026/05/06/kathy-sheridan-irish-neutrality-fuel-prices-ukraine-war-refugees
Ukraine,Actor / organisation,State / geopolitical actor,116,86,96.06529603201608,18862466,0.026719663972463288,0.041379310344827586,Mixed / unclear,0.008189655172413794,Ukraine war and moral neutrality,Ukraine / Russia / Moral Responsibility,36.7,Geopolitical reference point,Kathy Sheridan: Our neutrality won’t shield us from skyrocketing fuel prices,https://irishtimes.com/opinion/2026/05/06/kathy-sheridan-irish-neutrality-fuel-prices-ukraine-war-refugees
Israel,Actor / organisation,State / geopolitical actor,94,66,77.60277399556655,16287909,0.021584486074986954,-0.46491489361702126,Strong preserve,0.14840425531914894,Ukraine war and moral neutrality,Other Neutrality Debate,36.3,Geopolitical reference point,Whisky diplomacy of King Charles and Donald Trump can’t mask depth of US-UK political breach,https://irishtimes.com/world/uk/2026/05/01/whisky-diplomacy-of-king-charles-and-donald-trump-cant-mask-depth-of-us-uk-political-breach
Donald Trump,Actor / organisation,Person,89,73,74.43170861735119,15759532,0.020702483886471463,-0.34838202247191014,Lean preserve,0.11741573033707867,Ukraine war and moral neutrality,Ukraine / Russia / Moral Responsibility,36.2,Geopolitical reference point,"Colm McCarthy: Amid uncertainty, prudent progress is needed",http://farmersjournal.ie/viewpoints/viewpoints/colm-mccarthy-amid-uncertainty-prudent-progress-is-needed-914238
Shannon Airport,Actor / organisation,Institution / issue actor,95,50,74.80992306426675,13754557,0.020807680698936883,-0.8215578947368422,Strong preserve,0.17473684210526316,Shannon Airport and US military use,Shannon / US Military / Anti-war,36.2,Issue symbol / mobilising frame,Neutrality campaigner (91) in Nenagh | Nenagh Guardian,https://www.nenaghguardian.ie/2026/04/27/neutrality-campaigner-91-in-nenagh
The Sligo Champion,Media outlet,Media outlet,28,2,20.802918052534327,1579107,0.0353453154994805,0.0,Mixed / unclear,0.0232142857142857,Referendum and constitutional protection,Ukraine / Russia / Moral Responsibility,35.6,Media amplifier,Irish Independent,https://independent.ie/sport/soccer/league-of-ireland/league-of-ireland-tensions-flare-as-shels-and-bohs-players-and-staff-clash-before-dublin-derby/a1814346165.html
US military,Actor / organisation,Institution / issue actor,76,51,60.47646186753913,11632808,0.01682096247125074,-0.7453026315789474,Strong preserve,0.19342105263157897,Shannon Airport and US military use,Shannon / US Military / Anti-war,34.5,Issue symbol / mobilising frame,Letters to the Editor: Neutralising Ireland’s neutrality,https://irishexaminer.com/opinion/yourview/arid-41838741.html
NATO,Actor / organisation,International body,82,68,68.7100563152801,16333958,0.019111059790639193,-0.01019512195121951,Mixed / unclear,0.04085365853658537,Ukraine war and moral neutrality,Other Neutrality Debate,34.4,Alignment reference point,"Colm McCarthy: Amid uncertainty, prudent progress is needed",http://farmersjournal.ie/viewpoints/viewpoints/colm-mccarthy-amid-uncertainty-prudent-progress-is-needed-914238
Fianna Fáil,Actor / organisation,Political party,77,53,60.33480642808715,9361209,0.01678156233511035,-0.473,Strong preserve,-0.020129870129870133,Sinn Féin and government neutrality clash,Other Neutrality Debate,33.7,Defender of neutrality,Kathy Sheridan: Our neutrality won’t shield us from skyrocketing fuel prices,https://irishtimes.com/opinion/2026/05/06/kathy-sheridan-irish-neutrality-fuel-prices-ukraine-war-refugees
Palestine,Actor / organisation,State / geopolitical actor,89,39,68.95443158976097,9022459,0.019179030488560442,-0.6494044943820225,Strong preserve,0.17247191011235957,Defence capability and security gaps,Shannon / US Military / Anti-war,33.3,Geopolitical reference point,Neutrality campaigner (91) in Nenagh | Nenagh Guardian,https://www.nenaghguardian.ie/2026/04/27/neutrality-campaigner-91-in-nenagh
UN Security Council,Actor / organisation,International body,92,40,71.51533021224189,8958101,0.019891320498445275,-0.7339782608695652,Strong preserve,0.052717391304347834,Referendum and constitutional protection,Other Neutrality Debate,32.0,Institutional legitimacy anchor,"Ireland must retain triple lock to protect peacekeeping role, says former PDForra chief",https://irishexaminer.com/news/arid-41837093.html
Fine Gael,Actor / organisation,Political party,65,45,48.65872572657223,6769052,0.01353396964819595,-0.537923076923077,Strong preserve,-0.07384615384615385,Sinn Féin and government neutrality clash,Other Neutrality Debate,31.6,Defender of neutrality,Classic Hits 4FM - Neutrality,https://www.shannonside.ie/news/sinn-fein-leader-claims-parties-are-trying-to-dismantle-irish-neutrality-287669
Mary Lou McDonald,Actor / organisation,Person,92,35,69.24780918506873,9048899,0.01926063072389475,-0.5721847826086957,Strong preserve,-0.009782608695652175,Sinn Féin and government neutrality clash,Other Neutrality Debate,30.9,Neutrality defender / challenger,Cork's 96 FM - Neutrality,https://www.shannonside.ie/news/sinn-fein-leader-claims-parties-are-trying-to-dismantle-irish-neutrality-287669
Gaza,Actor / organisation,State / geopolitical actor,59,50,47.68670955423304,8085980,0.013263612437283414,-0.32001694915254236,Lean preserve,0.2483050847457627,Ukraine war and moral neutrality,Ukraine / Russia / Moral Responsibility,29.8,Geopolitical reference point,Public meeting on neutrality in Galway,https://connachttribune.ie/news/public-meeting-on-neutrality-in-galway-8114409
The Pat Kenny Show,Media outlet,Media outlet,18,1,13.765643388614924,4266000,0.0233885942056412,-0.1142222222222222,Mixed / unclear,-0.0166666666666666,Ukraine war and moral neutrality,Other Neutrality Debate,28.6,Media amplifier,The Pat Kenny Show - Neutrality,
United States,Actor / organisation,State / geopolitical actor,57,46,44.717101493620156,8568332,0.012437643718225385,-0.2576140350877193,Lean preserve,0.005263157894736843,Ukraine war and moral neutrality,Ukraine / Russia / Moral Responsibility,27.9,Geopolitical reference point,Kathy Sheridan: Our neutrality won’t shield us from skyrocketing fuel prices,https://irishtimes.com/opinion/2026/05/06/kathy-sheridan-irish-neutrality-fuel-prices-ukraine-war-refugees
RTE,Media outlet,Media outlet,11,10,10.47439525469142,4121810,0.0177965804608949,-0.25,Lean preserve,0.1181818181818181,Ukraine war and moral neutrality,Ukraine / Russia / Moral Responsibility,27.2,Media amplifier,Political fallout ongoing after Healy-Rae resignation,https://www.rte.ie/news/2026/0415/1568354-politics-live-blog
Helen McEntee,Actor / organisation,Person,73,31,55.092313340574705,6181481,0.015323411895126175,0.020561643835616428,Mixed / unclear,-0.004109589041095891,General neutrality debate,Defence Capability / Underinvestment,25.5,Government responder / reframer,Dorcha Lee: Security will be the big challenge for Ireland's EU presidency,https://irishexaminer.com/opinion/commentanalysis/arid-41823866.html
People Before Profit,Actor / organisation,Political party,46,22,36.31797087575553,6154296,0.010101504060722254,-0.6727391304347826,Strong preserve,0.16304347826086957,Defence capability and security gaps,Other Neutrality Debate,25.0,Neutrality defender / challenger,Galway Bay FM - Neutrality,https://irishtimes.com/ireland/2026/04/18/hundreds-demonstrate-in-dublin-to-demand-irelands-neutrality-be-protected
Labour Party,Actor / organisation,Political party,44,22,33.82873080392846,5310598,0.009409145206762724,-0.7107272727272728,Strong preserve,0.075,Shannon Airport and US military use,Shannon / US Military / Anti-war,24.9,Neutrality defender / challenger,BUYER'S REMORSE AND BREXIT,https://www.corkbeo.ie/news/local-news/91-year-old-clare-woman-33776274
Lelia Doolan,Actor / organisation,Person,44,23,33.63255288105491,6743375,0.009354580151591813,-0.8266590909090908,Strong preserve,0.14886363636363636,Shannon Airport and US military use,Shannon / US Military / Anti-war,24.3,Defender of neutrality,Neutrality campaigner (91) in Nenagh | Nenagh Guardian,https://www.nenaghguardian.ie/2026/04/27/neutrality-campaigner-91-in-nenagh
Liveline,Media outlet,Media outlet,14,1,10.785067714751849,4396000,0.0183244302601444,-0.1613571428571428,Lean preserve,0.0678571428571428,Ukraine war and moral neutrality,Other Neutrality Debate,24.2,Media amplifier,Liveline - Neutrality,
Galway Bay FM,Media outlet,Media outlet,15,3,12.429479882558004,1783690,0.0211183780484074,-0.3417333333333333,Lean preserve,-0.0866666666666666,Sinn Féin and government neutrality clash,Other Neutrality Debate,22.7,Media amplifier,Galway Bay FM - Neutrality,https://www.galwaybayfm.ie/galway-bay-fm-news-desk/people-before-profit-selects-denman-rooke-to-contest-galway-west-by-election-214638
RTE - Radio 1,Media outlet,Media outlet,10,1,10.186361385536175,4500000,0.0173071948874807,0.0325,Mixed / unclear,0.065,Ukraine war and moral neutrality,Other Neutrality Debate,22.2,Media amplifier,RTE - Radio 1 - Neutrality,
Simon Harris,Actor / organisation,Person,45,23,33.33494043771532,4722851,0.009271802032869236,-0.6240444444444445,Strong preserve,0.03666666666666667,Shannon Airport and US military use,Shannon / US Military / Anti-war,21.4,Government responder / reframer,KFM Radio - Neutrality,https://www.corkbeo.ie/news/local-news/91-year-old-clare-woman-33776274
Classic Hits 4FM,Media outlet,Media outlet,12,1,11.77490088271145,2400000,0.0200062118989045,-0.461,Strong preserve,-0.1875,Sinn Féin and government neutrality clash,Other Neutrality Debate,20.8,Media amplifier,Classic Hits 4FM - Neutrality,
Hot Press,Media outlet,Media outlet,8,8,7.834400029136271,3357168,0.0133110816511257,-0.71875,Strong preserve,0.125,Defence capability and security gaps,Shannon / US Military / Anti-war,20.7,Media amplifier,"Sally Rooney and Omar Barghouti speak at BDS Panel: ""The Irish government is not listening to its people, not just about Palestine but about everything"" | Hotpress",https://www.hotpress.com/opinion/sally-rooney-and-omar-barghouti-speak-at-bds-panel-the-irish-government-is-not-listening-to-its-people-not-just-about-palestine-but-about-everything-23137398
Cabinet,Actor / organisation,State / government,43,32,33.014674114015364,4133458,0.009182722949116586,-0.3805813953488373,Lean preserve,-0.09069767441860466,Triple Lock and UN mandate debate,Other Neutrality Debate,20.3,Government responder / reframer,"Colm McCarthy: Amid uncertainty, prudent progress is needed",http://farmersjournal.ie/viewpoints/viewpoints/colm-mccarthy-amid-uncertainty-prudent-progress-is-needed-914238
Triple Lock,Actor / organisation,Institution / issue actor,22,20,17.512710668398757,2414045,0.004870996745282891,-0.680590909090909,Strong preserve,0.22272727272727275,Triple Lock and UN mandate debate,Other Neutrality Debate,20.2,Issue symbol / mobilising frame,"In a world thirsty for bloody war, Ireland must protect the Triple Lock at all costs",https://irishtimes.com/ireland/2026/04/18/hundreds-demonstrate-in-dublin-to-demand-irelands-neutrality-be-protected
Hard Shoulder,Media outlet,Media outlet,13,3,9.532433741186424,1959446,0.0161961354272162,-0.1382307692307692,Mixed / unclear,-0.05,Ukraine war and moral neutrality,Other Neutrality Debate,19.1,Media amplifier,Hard Shoulder - Neutrality,https://www.newstalk.com/news/irish-jews-2240075
Today With David McCullagh,Media outlet,Media outlet,9,1,9.409928762798826,3141000,0.0159879926512637,-0.0741111111111111,Mixed / unclear,-0.0722222222222222,Ukraine war and moral neutrality,Other Neutrality Debate,18.5,Media amplifier,Today With David McCullagh - Neutrality,
EU,Actor / organisation,International body,43,21,35.055900004740046,6130455,0.009750470847107538,-0.5974418604651163,Strong preserve,0.00813953488372093,Referendum and constitutional protection,Other Neutrality Debate,17.8,Alignment reference point,Proposal to increase EU tariffs on goods from Israeli settlements,https://irishtimes.com/world/europe/2026/04/20/proposal-to-increase-eu-tariffs-on-goods-from-israeli-settlements
Irish Neutrality League,Actor / organisation,Civil society / NGO,28,5,22.090817858133832,3018754,0.006144354459174404,-0.8642857142857142,Strong preserve,0.20892857142857144,Defence capability and security gaps,Other Neutrality Debate,17.7,Neutrality defender / challenger,"Fuel demonstrations prove protests ‘effective’, say neutrality campaigners",https://echolive.ie/nationalnews/arid-41828123.html
The Western People,Media outlet,Media outlet,10,10,7.848679989387679,578860,0.013335344098304,-0.0177,Mixed / unclear,0.0,"NATO, EU security and defence cooperation #2",Ukraine / Russia / Moral Responsibility,17.6,Media amplifier,"Irish neutrality should be put to a public vote, say Sinn Féin",https://westernpeople.ie/irish-neutrality-should-be-put-to-a-public-vote-say-sinn-f%C3%A9in_arid-93952.html
Ireland Palestine Solidarity Campaign,Actor / organisation,Civil society / NGO,29,6,22.598314984559373,2709646,0.0062855100402758445,-0.8344827586206897,Strong preserve,0.1793103448275862,Defence capability and security gaps,Other Neutrality Debate,17.3,Defender of neutrality,"Fuel demonstrations prove protests ‘effective’, say neutrality campaigners",https://echolive.ie/nationalnews/arid-41828123.html
Volodymyr Zelenskiy,Actor / organisation,Person,21,14,17.162465367383344,2763038,0.004773579289264776,0.5842380952380952,Move away / align,-0.3119047619047619,Defence capability and security gaps,Defence Capability / Underinvestment,16.8,Geopolitical reference point,Kathy Sheridan: Our neutrality won’t shield us from skyrocketing fuel prices,https://irishtimes.com/opinion/2026/05/06/kathy-sheridan-irish-neutrality-fuel-prices-ukraine-war-refugees
Newstalk,Media outlet,Media outlet,6,2,6.035955857103781,4312335,0.0102554249154618,-0.1111666666666666,Mixed / unclear,-0.05,Ukraine war and moral neutrality,Other Neutrality Debate,16.4,Media amplifier,Newstalk - Neutrality,https://www.newstalk.com/news/richard-boyd-barrett-i-dont-think-we-should-go-to-the-st-patricks-day-celebration-2243739
98FM,Media outlet,Media outlet,10,1,9.431668244528549,1680000,0.0160249292405726,-0.0857,Mixed / unclear,0.0349999999999999,Sinn Féin and government neutrality clash,Other Neutrality Debate,16.3,Media amplifier,98FM - Neutrality,
The Belfast Telegraph,Media outlet,Media outlet,7,7,6.80325795688826,1819683,0.011559113885048,-0.4458571428571428,Lean preserve,-0.0928571428571428,Defence capability and security gaps,Other Neutrality Debate,15.9,Media amplifier,Nolan’s Peelers series is both a harrowing insight into the problems facing NI and a damning reflection on Stormont’s failures,https://www.belfasttelegraph.co.uk/news/republic-of-ireland/91-year-old-woman-walks-220km-to-protest-us-military-at-co-clare-airport/a/145873110.html
Galway Talks,Media outlet,Media outlet,13,1,9.257400758091178,845000,0.0157288390827459,-0.2749230769230769,Lean preserve,0.2269230769230769,Triple Lock and UN mandate debate,Other Neutrality Debate,15.7,Media amplifier,Galway Talks - Neutrality,
Ivana Bacik,Actor / organisation,Person,29,8,20.800841706751196,2716744,0.005785559652713304,-0.9073793103448275,Strong preserve,0.10172413793103449,Shannon Airport and US military use,Shannon / US Military / Anti-war,15.5,Defender of neutrality,91-year-old Clare woman walks 220km from Shannon Airport to the Dáil in protest,https://www.corkbeo.ie/news/local-news/91-year-old-clare-woman-33776274
Kerry Today,Media outlet,Media outlet,12,1,8.690158331066028,996000,0.0147650626309393,0.0069166666666666,Mixed / unclear,0.1916666666666666,Ukraine war and moral neutrality,Other Neutrality Debate,15.0,Media amplifier,Kerry Today - Neutrality,
Leinster Express,Media outlet,Media outlet,9,8,6.769034870145035,518994,0.0115009669560811,-0.4154444444444445,Lean preserve,0.2166666666666666,Shannon Airport and US military use,Shannon / US Military / Anti-war,14.8,Media amplifier,91-year-old woman walks 220km to protest over US military at Co Clare airport,http://leinsterexpress.ie/news/national-news/2062297/91-year-old-woman-walks-220km-to-protest-us-military-at-co-clare-airport.html
The University Times,Media outlet,Media outlet,8,8,6.354785334791217,499376,0.0107971339416156,-0.253375,Lean preserve,-0.125,Ukraine war and moral neutrality,Other Neutrality Debate,14.0,Media amplifier,"Ireland’s Defence Gap: Neutrality, Without Capability",https://universitytimes.ie/2026/03/irelands-defence-gap-neutrality-without-capability
UN,Actor / organisation,International body,17,16,14.52616232216582,3766271,0.004040316244155149,-0.49376470588235294,Strong preserve,0.2882352941176471,Ukraine war and moral neutrality,Peacekeeping / Identity / Tradition,13.5,Institutional legitimacy anchor,"Ukrainian diplomat on Irish neutrality: ‘Security is something you need to discuss, but which makes you very nervous’",https://irishtimes.com/world/europe/2026/05/01/stop-you-have-crossed-a-line-ukrainian-diplomat-likens-irish-security-attitude-to-stance-on-birth-control
Midlands Today,Media outlet,Media outlet,11,1,7.571730608236723,880000,0.0128647916868853,-0.4034545454545455,Lean preserve,-0.0863636363636363,Sinn Féin and government neutrality clash,Other Neutrality Debate,13.2,Media amplifier,Midlands Today - Neutrality,
Waterford News & Star,Media outlet,Media outlet,8,7,6.051185285793376,503768,0.0102813005623566,-0.15475,Lean preserve,0.1625,Defence capability and security gaps,Ukraine / Russia / Moral Responsibility,13.1,Media amplifier,"Irish neutrality should be put to a public vote, say Sinn Féin - Homepage - Waterford News & Star",https://waterford-news.ie/irish-neutrality-should-be-put-to-a-public-vote-say-sinn-f%C3%A9in_arid-93952.html
Kilkenny People,Media outlet,Media outlet,8,7,6.088216982839708,502968,0.0103442194765339,-0.46525,Strong preserve,0.1625,Defence capability and security gaps,Other Neutrality Debate,13.1,Media amplifier,‘Dangerous development’ - Kilkenny MEP warns against EU proposal,https://www.kilkennypeople.ie/news/politics/2063053/dangerous-development-kilkenny-mep-warns-against-eu-proposal.html
LMFM,Media outlet,Media outlet,10,1,7.873335823516739,550000,0.0133772357326408,-0.0617,Mixed / unclear,-0.03,Ukraine war and moral neutrality,Other Neutrality Debate,12.6,Media amplifier,LMFM - Neutrality,
Shannonwatch,Actor / organisation,Civil society / NGO,2,2,1.5282462750933008,120537,0.0004250674137729477,-0.8285,Strong preserve,0.325,Defence capability and security gaps,Other Neutrality Debate,12.4,Neutrality defender / challenger,91 year old lady walking to Dáíl welcomes Laois supporters,https://www.leinsterexpress.ie/news/newsletter-laois-live/2053521/91-year-old-lady-walking-to-dail-welcomes-laois-supporters.html
The Kerryman,Media outlet,Media outlet,8,4,7.277787759335341,159088,0.0123653664280347,-0.41875,Lean preserve,0.04375,"NATO, EU security and defence cooperation #2",Shannon / US Military / Anti-war,12.1,Media amplifier,It’s time for Irish people to push back against war on neutrality,
Sunday Independent (Ireland),Media outlet,Media outlet,6,6,5.629980050073941,912804,0.0095656494258699,0.082,Mixed / unclear,0.1083333333333333,Ukraine war and moral neutrality,Other Neutrality Debate,12.1,Media amplifier,We have an opportunity to end EU veto and we must grasp it,
Echo Live,Media outlet,Media outlet,7,7,5.272217818620509,389431,0.0089577914843741,-0.1511428571428571,Lean preserve,-0.0499999999999999,Defence capability and security gaps,Defence Capability / Underinvestment,11.7,Media amplifier,Tom MacSweeney column: Recognition for those who saved German sub crew,https://echolive.ie/corknews/arid-41836028.html
The Westmeath Examiner,Media outlet,Media outlet,7,7,5.214175199776697,415905,0.0088591738447588,0.1028571428571428,Mixed / unclear,-0.0928571428571428,Defence capability and security gaps,Ukraine / Russia / Moral Responsibility,11.7,Media amplifier,"LIVE: Fuel Protests, as it happens | Westmeath Examiner",https://www.westmeathexaminer.ie/2026/04/09/live-fuel-protests-as-it-happens
Morning Ireland,Media outlet,Media outlet,6,1,4.6701171562244745,2796000,0.0079347889507348,-0.2083333333333333,Lean preserve,0.325,Shannon Airport and US military use,Other Neutrality Debate,11.7,Media amplifier,Morning Ireland - Neutrality,
The Meath Chronicle,Media outlet,Media outlet,7,7,5.216538015225368,419734,0.008863188399702,0.0975714285714285,Mixed / unclear,-0.0928571428571428,Defence capability and security gaps,Ukraine / Russia / Moral Responsibility,11.7,Media amplifier,Trim launch for historical novel by Skryne author | Meath Chronicle,https://www.meathchronicle.ie/2026/04/10/trim-launch-for-historical-novel-by-skryne-author
C103,Media outlet,Media outlet,8,1,6.511611069619835,1120000,0.0110635895927871,-0.492625,Strong preserve,0.2875,Sinn Féin and government neutrality clash,Other Neutrality Debate,11.4,Media amplifier,C103 - Neutrality,
Today FM,Media outlet,Media outlet,6,1,5.7538081485170425,1548000,0.0097760402564313,-0.422,Lean preserve,0.1083333333333333,Sinn Féin and government neutrality clash,Other Neutrality Debate,10.6,Media amplifier,Today FM - Neutrality,
Sally Rooney,Actor / organisation,Person,2,2,2.066648200493951,839292,0.0005748188757789375,-0.625,Strong preserve,0.0,Defence capability and security gaps,Shannon / US Military / Anti-war,10.1,Defender of neutrality,"Sally Rooney and Omar Barghouti speak at BDS Panel: ""The Irish government is not listening to its people, not just about Palestine but about everything"" | Hotpress",https://www.hotpress.com/opinion/sally-rooney-and-omar-barghouti-speak-at-bds-panel-the-irish-government-is-not-listening-to-its-people-not-just-about-palestine-but-about-everything-23137398
Omar Barghouti,Actor / organisation,Person,2,2,2.066648200493951,839292,0.0005748188757789375,-0.625,Strong preserve,0.0,Defence capability and security gaps,Shannon / US Military / Anti-war,10.1,Defender of neutrality,"Sally Rooney and Omar Barghouti speak at BDS Panel: ""The Irish government is not listening to its people, not just about Palestine but about everything"" | Hotpress",https://www.hotpress.com/opinion/sally-rooney-and-omar-barghouti-speak-at-bds-panel-the-irish-government-is-not-listening-to-its-people-not-just-about-palestine-but-about-everything-23137398
Roscommon Herald,Media outlet,Media outlet,6,6,4.6558463198538815,356610,0.0079105420055376,-0.1208333333333333,Mixed / unclear,-0.3833333333333333,Ukraine war and moral neutrality,Ukraine / Russia / Moral Responsibility,10.0,Media amplifier,"Irish neutrality should be put to a public vote, say Sinn Féin",https://roscommonindependent.ie/irish-neutrality-should-be-put-to-a-public-vote-say-sinn-f%C3%A9in_arid-93952.html
Ireland Afloat,Media outlet,Media outlet,6,6,4.44699233813316,322272,0.0075556874674099,0.3755,Reform / redefine,0.0,"NATO, EU security and defence cooperation",Defence Capability / Underinvestment,9.8,Media amplifier,Marine Notice: Inshore Geophysical and Geotechnical Survey in Galway Bay,https://afloat.ie/port-news/undersea-cables/item/71118-marine-notice-inshore-geophysical-and-geotechnical-survey-in-galway-bay
Connaught Telegraph,Media outlet,Media outlet,6,6,4.46336337683697,347052,0.007583502773252,0.12,Mixed / unclear,-0.2166666666666666,Defence capability and security gaps,Ukraine / Russia / Moral Responsibility,9.8,Media amplifier,"LIVE: Fuel Protests, as it happens | Connaught Telegraph",https://www.con-telegraph.ie/2026/04/09/live-fuel-protests-as-it-happens
Offaly Independent,Media outlet,Media outlet,6,6,4.459948187856829,341730,0.007577700177112,-0.0466666666666666,Mixed / unclear,-0.05,Defence capability and security gaps,Ukraine / Russia / Moral Responsibility,9.8,Media amplifier,"LIVE: Fuel Protests, as it happens | Offaly Independent",https://www.offalyindependent.ie/2026/04/09/live-fuel-protests-as-it-happens
The Westmeath Independent,Media outlet,Media outlet,6,6,4.454029987300714,332700,0.0075676448250062,0.1478333333333333,Mixed / unclear,-0.2749999999999999,Defence capability and security gaps,Ukraine / Russia / Moral Responsibility,9.8,Media amplifier,"LIVE: Fuel Protests, as it happens | Westmeath Independent",https://www.westmeathindependent.ie/2026/04/09/live-fuel-protests-as-it-happens
KFM Radio,Media outlet,Media outlet,15,1,4.408,0,0.0074894373149121,-0.3164666666666667,Lean preserve,-0.0433333333333333,Sinn Féin and government neutrality clash,Other Neutrality Debate,9.8,Media amplifier,KFM Radio - Neutrality,
Waterford Live,Media outlet,Media outlet,6,5,4.5582312193288335,379698,0.0077446885172502,-0.3876666666666666,Lean preserve,0.1083333333333333,"NATO, EU security and defence cooperation",Defence Capability / Underinvestment,9.4,Media amplifier,91-year-old woman walks 220km to protest over US military at Co Clare airport,http://waterfordlive.ie/news/national-news/2062297/91-year-old-woman-walks-220km-to-protest-us-military-at-co-clare-airport.html
Letterkenny Live,Media outlet,Media outlet,6,5,4.53768224863129,345984,0.0077097746724395,-0.3531666666666666,Lean preserve,0.1666666666666666,"NATO, EU security and defence cooperation",Defence Capability / Underinvestment,9.3,Media amplifier,91-year-old woman walks 220km to protest over US military at Co Clare airport,https://letterkennylive.ie/news/national-news/2062297/91-year-old-woman-walks-220km-to-protest-us-military-at-co-clare-airport.html
Leitrim Observer,Media outlet,Media outlet,6,5,4.526694148521262,329202,0.0076911052788406,-0.4006666666666666,Lean preserve,0.0,"NATO, EU security and defence cooperation",Defence Capability / Underinvestment,9.3,Media amplifier,91-year-old woman walks 220km to protest US military at Co Clare airport,http://leitrimobserver.ie/news/national-news/2062297/91-year-old-woman-walks-220km-to-protest-us-military-at-co-clare-airport.html
The Inish Times,Media outlet,Media outlet,6,5,4.522004681121101,322290,0.0076831376127486,-0.3573333333333333,Lean preserve,0.0,"NATO, EU security and defence cooperation",Defence Capability / Underinvestment,9.3,Media amplifier,91-year-old woman walks 220km to protest over US military at Co Clare airport,http://inishlive.ie/news/national-news/2062297/91-year-old-woman-walks-220km-to-protest-us-military-at-co-clare-airport.html
North West Today,Media outlet,Media outlet,8,1,5.502427052465625,400000,0.009348929784328,-0.2754999999999999,Lean preserve,-0.1625,Ukraine war and moral neutrality,Other Neutrality Debate,9.0,Media amplifier,North West Today - Neutrality,
Midlands 103,Media outlet,Media outlet,7,1,5.632707938043703,560000,0.0095702842593435,-0.119,Mixed / unclear,0.0928571428571428,Ukraine war and moral neutrality,Other Neutrality Debate,9.0,Media amplifier,Midlands 103 - Neutrality,
Quakers,Actor / organisation,Civil society / NGO,1,1,0.7842819732227284,62560,0.0002181406985638991,-0.667,Strong preserve,0.0,Triple Lock and UN mandate debate,Other Neutrality Debate,8.7,Neutrality defender / challenger,Public meeting on neutrality in Galway,https://connachttribune.ie/news/public-meeting-on-neutrality-in-galway-8114409
The Clare Champion,Media outlet,Media outlet,5,5,4.035056733428383,304285,0.0068557859498924,-0.93,Strong preserve,0.26,Shannon Airport and US military use #3,Shannon / US Military / Anti-war,8.3,Media amplifier,Doolan to undertake peace walk from Clare to the Dáil,https://clarechampion.ie/doolan-to-undertake-peace-walk-from-clare-to-the-dail
Killarney Advertiser,Media outlet,Media outlet,5,5,3.8798951802536346,249224,0.0065921578359662,0.0,Mixed / unclear,0.52,Ukraine war and moral neutrality,Ukraine / Russia / Moral Responsibility,8.1,Media amplifier,FOUR YEARS IN KILLARNEY,https://killarneyadvertiser.ie/news/arbutus-hotels-100th-anniversary-honoured-at-ihf-conference
Cork Beo,Media outlet,Media outlet,6,3,4.4527308938558665,330750,0.007565437592946,-0.4813333333333333,Strong preserve,0.0,Ukraine war and moral neutrality,Defence Capability / Underinvestment,8.1,Media amplifier,91-year-old Clare woman walks 220km from Shannon Airport to the Dáil in protest,https://www.corkbeo.ie/news/local-news/91-year-old-clare-woman-33776274
Dublin People,Media outlet,Media outlet,5,5,3.832720468341521,291351,0.0065120053750509,-0.1,Mixed / unclear,0.13,Ukraine war and moral neutrality,Other Neutrality Debate,8.1,Media amplifier,Irish Neutrality,https://dublinpeople.com/news/northsideeast/articles/2026/03/25/obrien-carbon-tax
Laois Nationalist,Media outlet,Media outlet,5,5,3.761519892438842,296445,0.0063910316341233,-0.2402,Lean preserve,-0.13,Defence capability and security gaps,Ukraine / Russia / Moral Responsibility,8.0,Media amplifier,"Irish neutrality should be put to a public vote, say Sinn Féin - Homepage - Laois Nationalist",https://laois-nationalist.ie/irish-neutrality-should-be-put-to-a-public-vote-say-sinn-f%C3%A9in_arid-93952.html
Limerick's Live 95FM,Media outlet,Media outlet,6,1,4.7909217862296885,552000,0.0081400427401574,-0.5608333333333334,Strong preserve,-0.1083333333333333,Sinn Féin and government neutrality clash,Other Neutrality Debate,7.8,Media amplifier,Limerick's Live 95FM - Neutrality,
Leinster Leader,Media outlet,Media outlet,5,4,3.8109532479756,316290,0.0064750216562554,-0.3112,Lean preserve,0.0,"NATO, EU security and defence cooperation",Defence Capability / Underinvestment,7.6,Media amplifier,91-year-old woman walks 220km to protest over US military at Co Clare airport,http://leinsterleader.ie/news/national-news/2062297/91-year-old-woman-walks-220km-to-protest-us-military-at-co-clare-airport.html
Dundalk Democrat,Media outlet,Media outlet,5,4,3.807672272405564,310705,0.0064694470961684,-0.3026,Lean preserve,0.0,"NATO, EU security and defence cooperation",Defence Capability / Underinvestment,7.6,Media amplifier,91-year-old woman walks 220km to protest US military at Co Clare airport,http://dundalkdemocrat.ie/news/national-news/2062297/91-year-old-woman-walks-220km-to-protest-us-military-at-co-clare-airport.html
Longford Leader,Media outlet,Media outlet,5,4,3.792889882499616,286740,0.0064443309930456,-0.3016,Lean preserve,0.0,"NATO, EU security and defence cooperation",Defence Capability / Underinvestment,7.5,Media amplifier,91-year-old woman walks 220km to protest over US military at Co Clare airport,http://longfordleader.ie/news/national-news/2062297/91-year-old-woman-walks-220km-to-protest-us-military-at-co-clare-airport.html
Tipperary Live,Media outlet,Media outlet,5,4,3.784311621916199,273690,0.0064297560509153,-0.3016,Lean preserve,0.0,"NATO, EU security and defence cooperation",Defence Capability / Underinvestment,7.5,Media amplifier,91-year-old woman walks 220km to protest over US military at Co Clare airport,http://tipperarylive.ie/news/national-news/2062297/91-year-old-woman-walks-220km-to-protest-us-military-at-co-clare-airport.html
Carlow Live,Media outlet,Media outlet,5,4,3.7910762198295096,283930,0.0064412494792348,-0.301,Lean preserve,0.0,"NATO, EU security and defence cooperation",Defence Capability / Underinvestment,7.5,Media amplifier,91-year-old woman walks 220km to protest over US military at Co Clare airport,http://carlowlive.ie/news/national-news/2062297/91-year-old-woman-walks-220km-to-protest-us-military-at-co-clare-airport.html
The Opinion Line,Media outlet,Media outlet,6,1,4.292048433093797,534000,0.0072924291497783,-0.1428333333333333,Mixed / unclear,0.0,Triple Lock and UN mandate debate,Other Neutrality Debate,7.2,Media amplifier,The Opinion Line - Neutrality,
Shannonside FM,Media outlet,Media outlet,5,3,3.9148168660725,301808,0.0066514917236413,-0.4278,Lean preserve,-0.13,Ukraine war and moral neutrality,Other Neutrality Debate,7.1,Media amplifier,Sinn Féin leader claims parties are trying to 'dismantle Irish neutrality' | Shannonside.ie,https://www.shannonside.ie/news/sinn-fein-leader-claims-parties-are-trying-to-dismantle-irish-neutrality-287669
Kathy Sheridan,Actor / organisation,Person,2,2,2.0134395912810445,833668,0.0005600193985760863,-0.006000000000000005,Mixed / unclear,0.0,Ukraine war and moral neutrality,Ukraine / Russia / Moral Responsibility,7.0,Participant / responder,Kathy Sheridan: Our neutrality won’t shield us from skyrocketing fuel prices,https://irishtimes.com/opinion/2026/05/06/kathy-sheridan-irish-neutrality-fuel-prices-ukraine-war-refugees
The Last Word,Media outlet,Media outlet,5,1,3.740962079844847,930000,0.0063561027664386,-0.2834,Lean preserve,0.13,Ukraine war and moral neutrality,Other Neutrality Debate,6.9,Media amplifier,The Last Word - Neutrality,
NewsTalk Breakfast,Media outlet,Media outlet,5,1,3.861017006742792,825000,0.0065600827685594,-0.0334,Mixed / unclear,0.0,Sinn Féin and government neutrality clash,Other Neutrality Debate,6.9,Media amplifier,NewsTalk Breakfast - Neutrality,
RTE News,Media outlet,Media outlet,3,3,2.8172908960768543,1249113,0.0047867340208802,-0.1666666666666666,Lean preserve,0.0,Ukraine war and moral neutrality,Ukraine / Russia / Moral Responsibility,6.9,Media amplifier,Are President's words on Iran a sign of things to come?,https://www.rte.ie/news/analysis-and-comment/2026/0314/1563318-are-presidents-words-on-iran-a-sign-of-things-to-come
Breakingnews.ie,Media outlet,Media outlet,3,3,2.887328246631202,1194255,0.0049057313772049,-0.3963333333333333,Lean preserve,0.0,Defence capability and security gaps,Other Neutrality Debate,6.9,Media amplifier,"Fuel demonstrations prove protests ‘effective’, say neutrality campaigners | BreakingNews",https://www.breakingnews.ie/ireland/fuel-demonstrations-prove-protests-effective-say-neutrality-campaigners-1887441.html
Evening Herald,Media outlet,Media outlet,4,4,3.5317291805272486,115760,0.0060006044262261,-0.375,Lean preserve,0.0,Ukraine war and moral neutrality,Ukraine / Russia / Moral Responsibility,6.5,Media amplifier,'No strong evidence' Irish airspace is being used by US in Iran war - Martin,
WLR FM,Media outlet,Media outlet,5,2,3.884353042724317,314332,0.0065997319923938,-0.2274,Lean preserve,0.26,Sinn Féin and government neutrality clash,Other Neutrality Debate,6.5,Media amplifier,WLR FM - Neutrality,https://wlrfm.com/lifestyle/sun-sea-and-scintillating-reads-in-dymphnas-book-club-370731
The Mail on Sunday (Ireland),Media outlet,Media outlet,3,2,2.8190349805624164,1268985,0.0047896973174834,-0.3333333333333333,Lean preserve,0.0,Ukraine war and moral neutrality,Ukraine / Russia / Moral Responsibility,6.4,Media amplifier,Who is most likely to join Middle East war?,https://dailymail.co.uk/news/article-15664053/Who-likely-join-Middle-East-war-Likelihood-countries-militant-groups-taking-arms-Tehran-pounds-oil-facilities-spreads-terror-region.html
Kildare Now,Media outlet,Media outlet,4,4,3.09032572863911,303024,0.0052506353963935,-0.53075,Strong preserve,0.0,Defence capability and security gaps,Other Neutrality Debate,6.4,Media amplifier,91-year-old woman walks 220km to protest over US military at Co Clare airport,https://www.kildarenow.com/news/national-news/2062297/91-year-old-woman-walks-220km-to-protest-us-military-at-co-clare-airport.html
Offaly Express,Media outlet,Media outlet,4,4,3.0632843698121945,252212,0.0052046906228354,-0.414,Lean preserve,0.0,Defence capability and security gaps,Other Neutrality Debate,6.3,Media amplifier,"Fuel demonstrations prove protests ‘effective’, say neutrality campaigners",http://offalyexpress.ie/news/national-news/2062602/fuel-demonstrations-prove-protests-effective-say-neutrality-campaigners.html
The Donegal News,Media outlet,Media outlet,4,4,3.1188130324222936,222132,0.0052990369109024,-0.58325,Strong preserve,0.1625,Ukraine war and moral neutrality,Other Neutrality Debate,6.3,Media amplifier,In pictures: Deputy Padraig MacLochlainn addresses the Drumboe Easter Commemoration - Donegal News,https://donegalnews.com/in-pictures-deputy-padraig-maclochlainn-addresses-the-drumboe-easter-commemoration
Dublin Live,Media outlet,Media outlet,4,4,2.977237087981844,233992,0.0050584915022848,-0.41675,Lean preserve,0.0875,Defence capability and security gaps,Other Neutrality Debate,6.2,Media amplifier,'Dublin Central left win could could help end century of FF and FG government',https://www.dublinlive.ie/news/news-opinion/a-left-win-dublin-central-33587775
Kildare Nationalist,Media outlet,Media outlet,4,4,3.012101923635569,229844,0.0051177287983654,-0.17525,Lean preserve,-0.1625,Defence capability and security gaps,Defence Capability / Underinvestment,6.2,Media amplifier,"Irish neutrality should be put to a public vote, say Sinn Féin - News - Kildare Nationalist",https://kildare-nationalist.ie/news/irish-neutrality-should-be-put-to-a-public-vote-say-sinn-f%C3%A9in_arid-93952.html
Carlow Nationalist,Media outlet,Media outlet,4,4,3.014603544232552,233780,0.0051219791909804,-0.17525,Lean preserve,-0.1625,Defence capability and security gaps,Defence Capability / Underinvestment,6.2,Media amplifier,"Irish neutrality should be put to a public vote, say Sinn Féin - National News - Carlow Nationalist",https://carlow-nationalist.ie/news/national-news/irish-neutrality-should-be-put-to-a-public-vote-say-sinn-f%C3%A9in_arid-93952.html
Cork Live,Media outlet,Media outlet,4,4,3.0469683706286688,225772,0.0051769688322013,-0.52075,Strong preserve,0.0875,Defence capability and security gaps,Other Neutrality Debate,6.2,Media amplifier,91-year-old woman walks 220km to protest over US military at Co Clare airport,https://www.corklive.ie/news/national-news/2062297/91-year-old-woman-walks-220km-to-protest-us-military-at-co-clare-airport.html
The Limerick Leader,Media outlet,Media outlet,4,4,3.038025936340638,212476,0.0051617751386797,-0.528,Strong preserve,0.0,Defence capability and security gaps,Other Neutrality Debate,6.2,Media amplifier,91-year-old woman walks 220km to protest over US military at Co Clare airport,https://limerickleader.ie/news/national-news/2062297/91-year-old-woman-walks-220km-to-protest-us-military-at-co-clare-airport.html
Limerick Today,Media outlet,Media outlet,5,1,3.467434821858074,460000,0.0058913647327245,-0.1116,Mixed / unclear,-0.2,Ukraine war and moral neutrality,Other Neutrality Debate,5.8,Media amplifier,Limerick Today - Neutrality,
The 9-11 Show,Media outlet,Media outlet,5,1,3.5075986418105987,275000,0.0059596052980289,0.065,Mixed / unclear,0.13,Defence capability and security gaps,Other Neutrality Debate,5.5,Media amplifier,The 9-11 Show - Neutrality,
Sunshine 106.8 FM,Media outlet,Media outlet,4,1,3.6705448867249126,336000,0.0062364600364558,-0.54175,Strong preserve,0.325,Ukraine war and moral neutrality,Other Neutrality Debate,5.4,Media amplifier,Sunshine 106.8 FM - Neutrality,
GalwayBeo,Media outlet,Media outlet,4,2,2.9641339663801274,214080,0.0050362285694659,-0.4645,Strong preserve,0.0,Shannon Airport and US military use,Shannon / US Military / Anti-war,5.0,Media amplifier,The 91-year-old Galway woman who walked from west of Ireland to Dail to protest,https://www.galwaybeo.ie/news/ireland-news/meet-91-year-old-galway-10918293
The Ditch,Media outlet,Media outlet,5,5,1.222,0,0.0020762460069924,-0.0778,Mixed / unclear,-0.13,Ukraine war and moral neutrality,Budget / Fiscal / Public Finances,4.8,Media amplifier,Rapid movement of NATO and EU soldiers across member states,https://www.ontheditch.com/eu-plans-for-the-rapid-movement-of-nato
Clare FM,Media outlet,Media outlet,4,1,3.1905128973812418,212000,0.0054208589717231,-0.45,Strong preserve,-0.1625,Shannon Airport and US military use #3,Other Neutrality Debate,4.7,Media amplifier,Clare FM - Neutrality,
The Neil Prendeville Show,Media outlet,Media outlet,4,1,2.825919434957882,328000,0.0048013943886363,0.0,Mixed / unclear,-0.1625,Defence capability and security gaps,Other Neutrality Debate,4.5,Media amplifier,The Neil Prendeville Show - Neutrality,
The Nationalist (Tipperary),Media outlet,Media outlet,3,3,2.3083689401493706,176196,0.0039220472951313,-0.891,Strong preserve,0.4333333333333333,Defence capability and security gaps,Other Neutrality Debate,4.4,Media amplifier,91-year-old woman walks 220km to protest over US military at Co Clare airport,http://nationalist.ie/news/national-news/2062297/91-year-old-woman-walks-220km-to-protest-us-military-at-co-clare-airport.html
Donegal Live,Media outlet,Media outlet,3,3,2.2984632486094907,161088,0.0039052169739315,-0.8863333333333333,Strong preserve,0.0,Defence capability and security gaps,Other Neutrality Debate,4.4,Media amplifier,91-year-old woman walks 220km to protest over US military at Co Clare airport,http://donegallive.ie/news/national-news/2062297/91-year-old-woman-walks-220km-to-protest-us-military-at-co-clare-airport.html
Trinity News,Media outlet,Media outlet,3,3,2.3000253271457014,164577,0.0039078710322976,-0.1109999999999999,Mixed / unclear,-0.3333333333333333,Ukraine war and moral neutrality,Budget / Fiscal / Public Finances,4.4,Media amplifier,Students rally around fuel protest demands in solidarity with striking workers – Trinity News,https://www.trinitynews.ie/2026/04/students-rally-around-fuel-protest-demands-in-solidarity-with-striking-workers
The Irish Farmers Journal,Media outlet,Media outlet,2,2,2.066644531547884,839254,0.0035113440724214,0.3335,Reform / redefine,0.175,Ukraine war and moral neutrality,Budget / Fiscal / Public Finances,4.4,Media amplifier,"Colm McCarthy: Amid uncertainty, prudent progress is needed",http://farmersjournal.ie/viewpoints/viewpoints/colm-mccarthy-amid-uncertainty-prudent-progress-is-needed-914238
The Limerick Post,Media outlet,Media outlet,3,3,2.2411677040198112,189081,0.0038078686550503,-0.6486666666666666,Strong preserve,0.0,"NATO, EU security and defence cooperation #2",Other Neutrality Debate,4.3,Media amplifier,Limerick women gather to share their pearls of wisdom,https://www.limerickpost.ie/2026/03/20/limerick-women-gather-to-share-their-pearls-of-wisdom
Laois Today,Media outlet,Media outlet,3,3,2.229070206917526,169473,0.0037873143342212,0.1666666666666666,Reform / redefine,0.2166666666666666,"NATO, EU security and defence cooperation #2",Peacekeeping / Identity / Tradition,4.3,Media amplifier,Laois Republicans gather to hold Easter 1916 commemoration with special guest - Laois Today,https://www.laoistoday.ie/2026/04/09/laois-republicans-gather-to-hold-easter-1916-commemoration-with-special-guest
Image Magazine,Media outlet,Media outlet,2,2,2.059257244163212,766128,0.0034987926600361,-0.3335,Lean preserve,-0.325,"NATO, EU security and defence cooperation #2",Other Neutrality Debate,4.3,Media amplifier,How Ireland squandered the opportunity of the Michelin Awards in Dublin | IMAGE.ie,https://www.image.ie/living/how-ireland-squandered-the-opportunity-of-the-michelin-awards-in-dublin-981481
Tullamore Tribune,Media outlet,Media outlet,3,3,2.222854513591149,160203,0.0037767535253426,-0.2863333333333333,Lean preserve,0.0,"NATO, EU security and defence cooperation",Shannon / US Military / Anti-war,4.3,Media amplifier,91-year-old woman walks 220km to protest over US military at Co Clare airport,http://offalyexpress.ie/news/national-news/2062297/91-year-old-woman-walks-220km-to-protest-us-military-at-co-clare-airport.html
Cork's RedFM,Media outlet,Media outlet,3,1,2.548073960676099,522000,0.0043293194651187,-0.1666666666666666,Lean preserve,-0.3333333333333333,Ukraine war and moral neutrality,Other Neutrality Debate,4.2,Media amplifier,Cork's RedFM - Neutrality,
The Currency,Media outlet,Media outlet,2,2,1.873039811619064,776470,0.0031823988787331,0.0,Mixed / unclear,0.325,Ukraine war and moral neutrality,Budget / Fiscal / Public Finances,4.1,Media amplifier,Carbon-removal credits licensed by EU get Nasdaq backing - The Currency,https://thecurrency.news/articles/221759/carbon-removal-credits-licensed-by-eu-get-nasdaq-backing
TheJournal.ie,Media outlet,Media outlet,2,2,1.9113803185701723,785380,0.0032475415337768,-0.375,Lean preserve,0.0,Shannon Airport and US military use,Other Neutrality Debate,4.1,Media amplifier,"At 91 years of age, with 220 km on the road, activist Lelia Doolan walks for Irish neutrality",https://www.thejournal.ie/film-maker-walks-to-highlight-threat-to-neutrality-7011481-Apr2026
Daily Mirror (Ireland),Media outlet,Media outlet,2,2,1.9024055660362484,695296,0.0032322929297569,-0.833,Strong preserve,0.0,Defence capability and security gaps,Other Neutrality Debate,4.0,Media amplifier,91-year-old woman walks 220km to protest US military at Co Clare airport,https://www.irishmirror.ie/news/irish-news/91-year-old-woman-walks-37022409
Cork's 96 FM,Media outlet,Media outlet,3,1,2.429331474719936,375000,0.0041275693731982,-0.4333333333333333,Lean preserve,-0.2166666666666666,Sinn Féin and government neutrality clash,Other Neutrality Debate,3.8,Media amplifier,Cork's 96 FM - Neutrality,
Colm McCarthy,Actor / organisation,Person,3,3,3.003164437357416,1227489,0.0008353021115294209,0.22233333333333336,Reform / redefine,0.3333333333333333,Ukraine war and moral neutrality,Budget / Fiscal / Public Finances,3.8,Participant / responder,"Colm McCarthy: Amid uncertainty, prudent progress is needed",http://farmersjournal.ie/viewpoints/viewpoints/colm-mccarthy-amid-uncertainty-prudent-progress-is-needed-914238
Sergiy Kyslytsya,Actor / organisation,Person,2,2,2.0509395912810446,833668,0.0005704496729868728,0.244,Reform / redefine,0.0,Ukraine war and moral neutrality,Ukraine / Russia / Moral Responsibility,3.8,Participant / responder,Kathy Sheridan: Our neutrality won’t shield us from skyrocketing fuel prices,https://irishtimes.com/opinion/2026/05/06/kathy-sheridan-irish-neutrality-fuel-prices-ukraine-war-refugees
Clare Live,Media outlet,Media outlet,4,4,1.0149999999999997,0,0.0017245414869863,-0.5327500000000001,Strong preserve,0.1625,Defence capability and security gaps,Other Neutrality Debate,3.7,Media amplifier,91-year-old woman walks 220km to protest over US military at Co Clare airport,https://www.clarelive.ie/news/national-news/2062297/91-year-old-woman-walks-220km-to-protest-us-military-at-co-clare-airport.html
Carlow Times,Media outlet,Media outlet,4,4,1.0149999999999997,0,0.0017245414869863,-0.532,Strong preserve,0.325,Defence capability and security gaps,Other Neutrality Debate,3.7,Media amplifier,91-year-old woman walks 220km to protest US military at Co Clare airport,https://www.carlowlive.ie/news/national-news/2062297/91-year-old-woman-walks-220km-to-protest-us-military-at-co-clare-airport.html
Northern Sound,Media outlet,Media outlet,3,1,2.377219867106896,234000,0.0040390288517379,0.0,Mixed / unclear,-0.2166666666666666,Ukraine war and moral neutrality,Other Neutrality Debate,3.5,Media amplifier,Northern Sound - Neutrality,
Ocean FM,Media outlet,Media outlet,3,1,2.328083067975229,150000,0.0039555426954421,-0.25,Lean preserve,-0.2166666666666666,Ukraine war and moral neutrality,Other Neutrality Debate,3.3,Media amplifier,Ocean FM - Neutrality,
Deise Today,Media outlet,Media outlet,3,1,2.04207369663776,195000,0.003469596856488,-0.1666666666666666,Lean preserve,0.0,Defence capability and security gaps,Other Neutrality Debate,3.0,Media amplifier,Deise Today - Neutrality,
FM104,Media outlet,Media outlet,2,1,1.671202649725527,504000,0.0028394663079932,-0.8285,Strong preserve,0.325,Sinn Féin and government neutrality clash,Other Neutrality Debate,2.8,Media amplifier,FM104 - Neutrality,
eolas Magazine,Media outlet,Media outlet,2,2,1.5670045620537367,123134,0.0026624279581857,-0.25,Lean preserve,0.325,Defence capability and security gaps,Other Neutrality Debate,2.6,Media amplifier,100 years of Fianna Fáil | Eolas Magazine,https://www.eolasmagazine.ie/100-years-of-fianna-fail
Galway Advertiser,Media outlet,Media outlet,2,2,1.5660590723694403,121638,0.0026608215185935,0.25,Reform / redefine,0.325,Sinn Féin and government neutrality clash,Other Neutrality Debate,2.6,Media amplifier,Ireland's role in an uncertain world,https://advertiser.ie/galway/article/149839/irelands-role-in-an-uncertain-world
Derry Post,Media outlet,Media outlet,2,2,1.3250656835212695,219786,0.0022513603391274,0.0,Mixed / unclear,0.0,Sinn Féin and government neutrality clash #2,Other Neutrality Debate,2.5,Media amplifier,Business rates revaluation U-turn urged as firms ‘close doors’ over costs,https://derrynow.com/news/northern-ireland/2000275/business-rates-revaluation-u-turn-urged-as-firms-close-doors-over-costs.html
Ireland Live,Media outlet,Media outlet,2,2,1.48475367487887,111016,0.0025226791234325,0.295,Reform / redefine,0.0,"NATO, EU security and defence cooperation",Defence Capability / Underinvestment,2.5,Media amplifier,Ireland and UK enhance defence co-operation,https://www.ireland-live.ie/news/ireland/2038224/ireland-and-uk-enhance-defence-co-operation.html
Dublin InQuirer,Media outlet,Media outlet,2,2,1.4860611473735652,113004,0.0025249005919647,-0.3335,Lean preserve,0.0,Defence capability and security gaps,Other Neutrality Debate,2.5,Media amplifier,Dublin city councillors back motion condeming US/Israel attack on Iran,https://www.dublininquirer.com/dublin-city-councillors-back-motion-condeming-us-israel-attack-on-iran
The Munster Express,Media outlet,Media outlet,2,2,1.485206152992748,111700,0.0025234479089294,-0.2915,Lean preserve,0.5,"NATO, EU security and defence cooperation #2",Triple Lock / UN Mandate,2.5,Media amplifier,Dr Morgan McMonagle to lead St. Patrick's Day Parade Esteemed Humanitarian and Surgeon announced as Grand Marshall of Waterford’s 2026 Parade - The Munster Express,https://www.munster-express.ie/dr-morgan-mcmonagle-to-lead-st-patricks-day-parade-esteemed-humanitarian-and-surgeon-announced-as-grand-marshall-of-waterfords-2026-parade
Irish Star,Media outlet,Media outlet,3,3,0.705,0,0.0011978342348033,-0.4666666666666666,Strong preserve,0.2166666666666666,Ukraine war and moral neutrality,Shannon / US Military / Anti-war,2.4,Media amplifier,Furious 91-year-old walks 137 miles to protest against the US military,https://www.irishstar.com/news/ireland-news/91-year-old-woman-walks-37023607
Q102,Media outlet,Media outlet,2,1,1.8419739287432293,184000,0.0031296162148423,-0.75,Strong preserve,0.65,Sinn Féin and government neutrality clash,Other Neutrality Debate,2.4,Media amplifier,Q102 - Neutrality,
Highland Radio,Media outlet,Media outlet,2,1,1.6215087152259031,90000,0.0027550335477014,0.0,Mixed / unclear,-0.325,Defence capability and security gaps,Other Neutrality Debate,2.0,Media amplifier,Highland Radio - Neutrality,
University Observer,Media outlet,Media outlet,2,1,1.569281119218328,126812,0.0026662959555038,0.0,Mixed / unclear,0.0,Ukraine war and moral neutrality,Other Neutrality Debate,2.0,Media amplifier,University Observer,https://universityobserver.ie/verdis-meet-the-teen-who-founded-his-own-country
Town Talk,Media outlet,Media outlet,2,1,1.429451587646432,130000,0.0024287177995416,-0.4,Lean preserve,0.0,Sinn Féin and government neutrality clash #2,Other Neutrality Debate,1.9,Media amplifier,Town Talk - Neutrality,
The Sun (Ireland),Media outlet,Media outlet,1,1,0.939448950117718,420369,0.0015961760486539,0.0,Mixed / unclear,0.0,Sinn Féin and government neutrality clash,Other Neutrality Debate,1.5,Media amplifier,Drogheda United tell Byrne to resign as Sinn Fein TD refuses to step down,https://www.thesun.ie/sport/16700284/drogheda-united-joanna-byrne-sinn-fein-td-resign
Banbridge Leader,Media outlet,Media outlet,1,1,0.7660141377500489,105454,0.0013015006504118,0.0,Mixed / unclear,0.0,Sinn Féin and government neutrality clash #2,Other Neutrality Debate,0.8,Media amplifier,"September 11, 2011",https://www.northernirelandworld.com/archive/2011-09-11
South East Radio,Media outlet,Media outlet,1,1,0.7933391462033385,80000,0.0013479273604709,-0.75,Strong preserve,-0.65,Triple Lock and UN mandate debate,Other Neutrality Debate,0.7,Media amplifier,South East Radio - Neutrality,
Midwest Radio,Media outlet,Media outlet,1,1,0.7884208247790276,70000,0.0013395708586555,-0.5,Strong preserve,-0.65,Ukraine war and moral neutrality,Other Neutrality Debate,0.7,Media amplifier,Midwest Radio - Neutrality,
The Niall Boylan Show,Media outlet,Media outlet,1,1,0.7517629072569305,70000,0.0012772870166916,0.0,Mixed / unclear,0.0,Ukraine war and moral neutrality,Ukraine / Russia / Moral Responsibility,0.7,Media amplifier,The Niall Boylan Show - Neutrality,
The Anglo Celt,Media outlet,Media outlet,1,1,0.7472825319893692,63416,0.0012696746097693,0.0,Mixed / unclear,0.0,Defence capability and security gaps,Other Neutrality Debate,0.7,Media amplifier,"LIVE: Fuel Protests, as it happens | Anglo Celt",https://www.anglocelt.ie/2026/04/09/live-fuel-protests-as-it-happens
Irish Farmers Monthly (IFM),Media outlet,Media outlet,1,1,0.8165187901203504,55377,0.0013873108654841,0.0,Mixed / unclear,-0.65,Ukraine war and moral neutrality,Other Neutrality Debate,0.7,Media amplifier,No easy decisions ahead for Government,https://irishfarmersmonthly.com/opinion-mobile/matt-o-keeffe/no-easy-decisions-ahead-for-government
Radio Kerry,Media outlet,Media outlet,1,1,0.794695105640161,83000,0.0013502312110162,-0.5,Strong preserve,-0.65,Ukraine war and moral neutrality,Other Neutrality Debate,0.7,Media amplifier,Radio Kerry - Neutrality,
Nenagh Guardian,Media outlet,Media outlet,1,1,0.7796031023070572,55097,0.00132458905745,-0.833,Strong preserve,0.65,Shannon Airport and US military use,Shannon / US Military / Anti-war,0.7,Media amplifier,Neutrality campaigner (91) in Nenagh | Nenagh Guardian,https://www.nenaghguardian.ie/2026/04/27/neutrality-campaigner-91-in-nenagh
New Ross Standard,Media outlet,Media outlet,1,1,0.7473707093884694,63568,0.0012698244280776,0.0,Mixed / unclear,0.0,Ukraine war and moral neutrality,Ukraine / Russia / Moral Responsibility,0.7,Media amplifier,Women overtake men as single female house buyers are on the rise,https://independent.ie/irish-news/women-overtake-men-as-single-female-house-buyers-are-on-the-rise/a1509685684.html
Laois People,Media outlet,Media outlet,1,1,0.7824552494611079,59533,0.001329435014193,-0.917,Strong preserve,0.65,Shannon Airport and US military use,Shannon / US Military / Anti-war,0.7,Media amplifier,Local TD joins Leila Doolan on her Neutrality march from Shannon Airport to Dublin - Laois People,https://www.laoispeople.ie/local-td-joins-leila-doolan-on-neutrality-march-through-laois
Irish Marketing Journal,Media outlet,Media outlet,1,1,0.8218898546193859,63227,0.0013964366029796,0.0,Mixed / unclear,0.65,Ukraine war and moral neutrality,Other Neutrality Debate,0.7,Media amplifier,Opinion: Why Trust is the Central Issue in Journalism Today,https://www.adworld.ie/2026/03/06/opinion-why-trust-is-the-central-issue-in-journalism-today
Connacht (Connaught) Tribune,Media outlet,Media outlet,1,1,0.7842819732227284,62560,0.0013325387195252,-0.667,Strong preserve,0.0,Triple Lock and UN mandate debate,Other Neutrality Debate,0.7,Media amplifier,Public meeting on neutrality in Galway,https://connachttribune.ie/news/public-meeting-on-neutrality-in-galway-8114409
College Tribune,Media outlet,Media outlet,1,1,0.7470623291139693,63038,0.0012693004728292,-0.75,Strong preserve,0.0,Ukraine war and moral neutrality,Public Consent / Referendum,0.7,Media amplifier,“We Need to Fight”: Tia Cullen’s Vision for a Stronger SU,https://www.collegetribune.ie/we-need-to-fight-tia-cullens-vision-for-a-stronger-su
BallinEurope,Media outlet,Media outlet,1,1,0.7414570432253949,54139,0.001259776780158,0.0,Mixed / unclear,0.0,Ukraine war and moral neutrality,Other Neutrality Debate,0.6,Media amplifier,Forza Achi,https://www.ballineurope.com/forza-achi-8618/#comments
Business & Finance,Media outlet,Media outlet,1,1,0.7405729711698419,52855,0.0012582746925351,0.0,Mixed / unclear,0.65,Ukraine war and moral neutrality,Other Neutrality Debate,0.6,Media amplifier,Insights from Ireland Day 2026,https://businessandfinance.com/news/insights-from-ireland-day-2026
Dundalk FM,Media outlet,Media outlet,1,1,0.6981912322125866,65000,0.0011862657594095,0.0,Mixed / unclear,0.0,Ukraine war and moral neutrality,Ukraine / Russia / Moral Responsibility,0.6,Media amplifier,Dundalk FM - Neutrality,
Tuam Herald,Media outlet,Media outlet,1,1,0.7438193175805623,57725,0.0012637904157532,0.0,Mixed / unclear,0.0,Defence capability and security gaps,Other Neutrality Debate,0.6,Media amplifier,"LIVE: Fuel Protests, as it happens | Tuam Herald",https://www.tuamindependent.ie/2026/04/09/live-fuel-protests-as-it-happens
The Medical Independent,Media outlet,Media outlet,1,1,0.7449360650239087,59502,0.0012656878318089,0.0,Mixed / unclear,0.0,Ukraine war and moral neutrality,Ukraine / Russia / Moral Responsibility,0.6,Media amplifier,The concerning rise of ‘healthocide’ - Medical Independent,https://www.medicalindependent.ie/in-the-news/news-features/the-concerning-rise-of-healthocide
Morning Focus,Media outlet,Media outlet,1,1,0.7404912651510649,53000,0.001258135869462,0.0,Mixed / unclear,0.65,Ukraine war and moral neutrality,Peacekeeping / Identity / Tradition,0.6,Media amplifier,Morning Focus - Neutrality,
Donegal Daily,Media outlet,Media outlet,1,1,0.7411701895610137,53719,0.0012592893998182,-0.625,Strong preserve,0.35,Referendum and constitutional protection,Public Consent / Referendum,0.6,Media amplifier,Annual Drumboe commemoration told Govt blocking Irish unity referendum - Donegal Daily,https://www.donegaldaily.com/2026/04/05/annual-drumboe-commemoration-told-irish-govt-blocking-irish-unity-2
Herfamily.ie,Media outlet,Media outlet,1,1,0.7427150195593843,56020,0.0012619141519586,-0.5,Strong preserve,0.0,Ukraine war and moral neutrality,Peacekeeping / Identity / Tradition,0.6,Media amplifier,Ireland named one of the safest countries to be in if WW3 kicks off,https://herfamily.ie/news/worlds-safest-countries-revealed-amid-ww3-fears-as-raf-base-hit-by-iran-461280
Extra.ie,Media outlet,Media outlet,1,1,0.7448753516409954,59404,0.0012655846763925,-0.909,Strong preserve,0.0,Shannon Airport and US military use,Shannon / US Military / Anti-war,0.6,Media amplifier,"Lelia Doolan, 91, walks from Shannon Airport to Leinster House",https://extra.ie/2026/04/15/news/irish-news/shannon-airport-lelia-doolan
The Current Affairs Show,Media outlet,Media outlet,1,1,0.6869313549356421,77000,0.001167134601279,0.0,Mixed / unclear,0.0,Ukraine war and moral neutrality,Other Neutrality Debate,0.6,Media amplifier,The Current Affairs Show - Neutrality,
Farmview,Media outlet,Media outlet,1,1,0.6806912322125866,65000,0.001156532285496,-0.5,Strong preserve,0.0,Triple Lock and UN mandate debate,Other Neutrality Debate,0.6,Media amplifier,Farmview - Neutrality,
The Mayo News,Media outlet,Media outlet,1,1,0.6703331641380599,1500,0.001138933351388,-0.667,Strong preserve,0.0,Ukraine war and moral neutrality,Triple Lock / UN Mandate,0.5,Media amplifier,BUYER'S REMORSE AND BREXIT,
9 Till Noon Show,Media outlet,Media outlet,1,1,0.6671470072504302,45000,0.0011335198935193,-0.75,Strong preserve,-0.35,Triple Lock and UN mandate debate,Peacekeeping / Identity / Tradition,0.5,Media amplifier,9 Till Noon Show - Neutrality,
Dundalk Leader,Media outlet,Media outlet,1,1,0.6093937855800544,1500,0.0010353939558073,0.0,Mixed / unclear,0.0,Ukraine war and moral neutrality,Ukraine / Russia / Moral Responsibility,0.4,Media amplifier,Dundalk Irish Red Cross—2025 Year in Review,
Roscommon People,Media outlet,Media outlet,1,1,0.6093937855800544,1500,0.0010353939558073,0.0,Mixed / unclear,0.0,Ukraine war and moral neutrality,Other Neutrality Debate,0.4,Media amplifier,,
Drogheda Life,Media outlet,Media outlet,1,1,0.6265602745284736,14950,0.0010645607758836,0.0,Mixed / unclear,0.35,Ukraine war and moral neutrality,Other Neutrality Debate,0.4,Media amplifier,Neutrality Roadshow coming to Drogheda on 2nd July,https://droghedalife.com/neutrality-roadshow-coming-to-drogheda-on-2nd-july
BBC World Service,Media outlet,Media outlet,1,1,0.29,0,0.0004927261391389,0.0,Mixed / unclear,0.65,Ukraine war and moral neutrality,Other Neutrality Debate,0.1,Media amplifier,BBC World Service - Neutrality,
AgendaNi,Media outlet,Media outlet,1,1,0.235,0,0.0003992780782677,0.0,Mixed / unclear,0.0,Ukraine war and moral neutrality,Other Neutrality Debate,0.0,Media amplifier,Supporting planners to protect the environment - agendaNi,https://www.agendani.com/supporting-planners-to-protect-the-environment
