contributor_display_name,Outlet,contributor_type,synthetic_author_flag,articles,publication_owned_count,single_actor_reported_count,multi_actor_reported_count,multi_actor_contested_reported_count,factual_low_opinion_count,unclear_count,publication_owned_pct,actor_mediated_pct,contested_or_multi_actor_pct,factual_low_opinion_pct,unclear_pct,dominant_attribution,dominant_stance_side,viewpoint_spread_score,one_sided_amplification_risk,top_reported_actors,top_frames,top_clusters
Stephen Reilly,The Sligo Champion,synthetic_demo_author,True,27,0,17,0,0,0,10,0.0,62.96,0.0,0.0,37.04,Single-actor reported opinion,mixed_or_unclear,0.0,high_one_sided_amplification_risk,reported_actor_unclear,"Ukraine / Russia / Moral Responsibility, Other Neutrality Debate",Referendum and constitutional protection
Tom Keane,The Pat Kenny Show,synthetic_demo_author,True,15,5,1,0,1,5,3,33.33,13.33,6.67,33.33,20.0,Publication-owned opinion,mixed_or_unclear,0.0,high_one_sided_amplification_risk,Ukraine,Other Neutrality Debate,Ukraine war and moral neutrality
Brian Connolly,The Irish Times,synthetic_demo_author,True,12,1,3,2,6,0,0,8.33,91.67,66.67,0.0,0.0,Multi-actor / contested reported opinion,mixed_or_unclear,0.0,high_one_sided_amplification_risk,reported_actor_unclear,"Ukraine / Russia / Moral Responsibility, Other Neutrality Debate, Shannon / US Military / Anti-war",Ukraine war and moral neutrality
James Buckley,Midlands Today,synthetic_demo_author,True,10,0,6,1,0,3,0,0.0,70.0,10.0,30.0,0.0,Single-actor reported opinion,preserve_neutrality,0.971,low_one_sided_amplification_risk,"Mary Lou McDonald, Sinn Féin, Micheál Martin, Helen McEntee, Government",Other Neutrality Debate,Sinn Féin and government neutrality clash
Niamh Walsh,LMFM,synthetic_demo_author,True,10,1,3,1,0,1,4,10.0,40.0,10.0,10.0,40.0,Unclear attribution,mixed_or_unclear,0.469,high_one_sided_amplification_risk,"Government, Simon Harris",Other Neutrality Debate,Ukraine war and moral neutrality
Alan Brady,Kerry Today,synthetic_demo_author,True,10,1,1,0,0,5,3,10.0,10.0,0.0,50.0,30.0,Factual / low-opinion reporting,mixed_or_unclear,0.722,high_one_sided_amplification_risk,Helen McEntee,Other Neutrality Debate,Ukraine war and moral neutrality
Patrick Nolan,The Irish Independent,synthetic_demo_author,True,9,2,1,2,3,0,1,22.22,66.67,55.56,0.0,11.11,Multi-actor / contested reported opinion,mixed_or_unclear,0.503,high_one_sided_amplification_risk,Government,"Ukraine / Russia / Moral Responsibility, Other Neutrality Debate","Ukraine war and moral neutrality, Defence capability and security gaps"
Ronan Doyle,RTE - Radio 1,synthetic_demo_author,True,9,2,2,0,0,2,3,22.22,22.22,0.0,22.22,33.33,Unclear attribution,mixed_or_unclear,0.0,high_one_sided_amplification_risk,Government,Other Neutrality Debate,Ukraine war and moral neutrality
Fiona Murray,The Irish Examiner,synthetic_demo_author,True,8,0,1,1,5,0,1,0.0,87.5,75.0,0.0,12.5,Multi-actor / contested reported opinion,mixed_or_unclear,0.819,low_one_sided_amplification_risk,,"Other Neutrality Debate, Defence Capability / Underinvestment, Ukraine / Russia / Moral Responsibility, NATO / EU Security Alignment","Ukraine war and moral neutrality, Triple Lock and UN mandate debate"
Aoife Brennan,The Irish Times,synthetic_demo_author,True,8,1,1,2,3,0,1,12.5,75.0,62.5,0.0,12.5,Multi-actor / contested reported opinion,preserve_neutrality,0.544,high_one_sided_amplification_risk,,"Peacekeeping / Identity / Tradition, Ukraine / Russia / Moral Responsibility, Defence Capability / Underinvestment, Other Neutrality Debate, Shannon / US Military / Anti-war","Ukraine war and moral neutrality, Defence capability and security gaps"
Alan Brady,Galway Talks,synthetic_demo_author,True,8,0,3,0,0,2,3,0.0,37.5,0.0,25.0,37.5,Single-actor reported opinion,mixed_or_unclear,0.0,high_one_sided_amplification_risk,"Gaza, NATO, Government",Other Neutrality Debate,Triple Lock and UN mandate debate
Tom Keane,Liveline,synthetic_demo_author,True,8,2,2,0,0,1,3,25.0,25.0,0.0,12.5,37.5,Unclear attribution,mixed_or_unclear,0.0,high_one_sided_amplification_risk,"Fianna Fáil, Russia","Other Neutrality Debate, Ukraine / Russia / Moral Responsibility",Ukraine war and moral neutrality
Fiona Murray,Today With David McCullagh,synthetic_demo_author,True,8,6,1,0,0,0,1,75.0,12.5,0.0,0.0,12.5,Publication-owned opinion,mixed_or_unclear,0.0,high_one_sided_amplification_risk,NATO,Other Neutrality Debate,Ukraine war and moral neutrality
Conor Ryan,Hard Shoulder,synthetic_demo_author,True,8,4,0,0,0,3,1,50.0,0.0,0.0,37.5,12.5,Publication-owned opinion,mixed_or_unclear,0.0,high_one_sided_amplification_risk,,Other Neutrality Debate,Ukraine war and moral neutrality
Conor Ryan,Classic Hits 4FM,synthetic_demo_author,True,7,0,6,0,1,0,0,0.0,100.0,14.29,0.0,0.0,Single-actor reported opinion,preserve_neutrality,0.0,high_one_sided_amplification_risk,"Government, Sinn Féin, Mary Lou McDonald, reported_actor_unclear, Micheál Martin","Other Neutrality Debate, Triple Lock / UN Mandate",Sinn Féin and government neutrality clash
Roisin Farrell,KFM Radio,synthetic_demo_author,True,7,0,6,0,1,0,0,0.0,100.0,14.29,0.0,0.0,Single-actor reported opinion,preserve_neutrality,0.0,high_one_sided_amplification_risk,"Mary Lou McDonald, Government","Other Neutrality Debate, Ukraine / Russia / Moral Responsibility",Sinn Féin and government neutrality clash
Mark Duffy,Galway Bay FM,synthetic_demo_author,True,7,0,4,0,0,1,2,0.0,57.14,0.0,14.29,28.57,Single-actor reported opinion,preserve_neutrality,0.0,high_one_sided_amplification_risk,"Mary Lou McDonald, Government","Other Neutrality Debate, Peacekeeping / Identity / Tradition",Sinn Féin and government neutrality clash
Sean O'Sullivan,KFM Radio,synthetic_demo_author,True,7,0,3,0,0,3,1,0.0,42.86,0.0,42.86,14.29,Single-actor reported opinion,mixed_or_unclear,0.0,high_one_sided_amplification_risk,"Mary Lou McDonald, reported_actor_unclear, Government",Other Neutrality Debate,Sinn Féin and government neutrality clash
Stephen Reilly,98FM,synthetic_demo_author,True,7,0,1,0,0,6,0,0.0,14.29,0.0,85.71,0.0,Factual / low-opinion reporting,mixed_or_unclear,0.0,high_one_sided_amplification_risk,reported_actor_unclear,Other Neutrality Debate,Sinn Féin and government neutrality clash
Fiona Murray,C103,synthetic_demo_author,True,6,0,6,0,0,0,0,0.0,100.0,0.0,0.0,0.0,Single-actor reported opinion,preserve_neutrality,0.0,high_one_sided_amplification_risk,Mary Lou McDonald,Other Neutrality Debate,Sinn Féin and government neutrality clash
Clare Walsh,Midlands 103,synthetic_demo_author,True,6,1,1,0,0,4,0,16.67,16.67,0.0,66.67,0.0,Factual / low-opinion reporting,mixed_or_unclear,0.0,high_one_sided_amplification_risk,People Before Profit,Other Neutrality Debate,Ukraine war and moral neutrality
Orla Gallagher,Galway Bay FM,synthetic_demo_author,True,6,0,1,0,0,1,4,0.0,16.67,0.0,16.67,66.67,Unclear attribution,mixed_or_unclear,0.0,high_one_sided_amplification_risk,Government,Other Neutrality Debate,Sinn Féin and government neutrality clash
Brian Connolly,The University Times,synthetic_demo_author,True,5,0,0,0,5,0,0,0.0,100.0,100.0,0.0,0.0,Multi-actor / contested reported opinion,preserve_neutrality,0.722,high_one_sided_amplification_risk,,"Public Consent / Referendum, Defence Capability / Underinvestment, Other Neutrality Debate, Ukraine / Russia / Moral Responsibility",Ukraine war and moral neutrality
Paul Kavanagh,RTE,synthetic_demo_author,True,5,0,0,0,5,0,0,0.0,100.0,100.0,0.0,0.0,Multi-actor / contested reported opinion,mixed_or_unclear,0.0,high_one_sided_amplification_risk,,"Ukraine / Russia / Moral Responsibility, NATO / EU Security Alignment",Ukraine war and moral neutrality
Cian O'Neill,Galway Talks,synthetic_demo_author,True,5,1,3,0,1,0,0,20.0,80.0,20.0,0.0,0.0,Single-actor reported opinion,preserve_neutrality,0.0,high_one_sided_amplification_risk,"Mary Lou McDonald, Government, Helen McEntee","Other Neutrality Debate, Shannon / US Military / Anti-war, Ukraine / Russia / Moral Responsibility, Peacekeeping / Identity / Tradition",Triple Lock and UN mandate debate
Michael O'Connor,The Opinion Line,synthetic_demo_author,True,5,1,2,0,0,1,1,20.0,40.0,0.0,20.0,20.0,Single-actor reported opinion,mixed_or_unclear,0.0,high_one_sided_amplification_risk,"Micheál Martin, reported_actor_unclear",Other Neutrality Debate,Triple Lock and UN mandate debate
Jack O'Donnell,North West Today,synthetic_demo_author,True,5,1,1,0,0,2,1,20.0,20.0,0.0,40.0,20.0,Factual / low-opinion reporting,mixed_or_unclear,0.0,high_one_sided_amplification_risk,Micheál Martin,Other Neutrality Debate,Ukraine war and moral neutrality
Maeve Kelly,Ireland Afloat,synthetic_demo_author,True,5,0,0,0,0,4,1,0.0,0.0,0.0,80.0,20.0,Factual / low-opinion reporting,reform_redefine,0.0,high_one_sided_amplification_risk,,Defence Capability / Underinvestment,General neutrality debate
Sean O'Sullivan,Classic Hits 4FM,synthetic_demo_author,True,5,2,0,0,0,2,1,40.0,0.0,0.0,40.0,20.0,Publication-owned opinion,mixed_or_unclear,0.0,high_one_sided_amplification_risk,,Other Neutrality Debate,Sinn Féin and government neutrality clash
Brian Connolly,Kilkenny People,synthetic_demo_author,True,4,0,0,1,3,0,0,0.0,100.0,100.0,0.0,0.0,Multi-actor / contested reported opinion,preserve_neutrality,1.0,low_one_sided_amplification_risk,,"Other Neutrality Debate, Defence Capability / Underinvestment","Defence capability and security gaps, General neutrality debate"
Fiona Murray,The Irish Times,synthetic_demo_author,True,4,0,0,1,3,0,0,0.0,100.0,100.0,0.0,0.0,Multi-actor / contested reported opinion,reform_redefine,0.0,high_one_sided_amplification_risk,,"Ukraine / Russia / Moral Responsibility, Other Neutrality Debate",Ukraine war and moral neutrality
Conor Ryan,The Irish Examiner,synthetic_demo_author,True,4,0,1,1,2,0,0,0.0,100.0,75.0,0.0,0.0,Multi-actor / contested reported opinion,preserve_neutrality,0.0,high_one_sided_amplification_risk,Micheál Martin,"Shannon / US Military / Anti-war, Triple Lock / UN Mandate, Ukraine / Russia / Moral Responsibility, Other Neutrality Debate",Ukraine war and moral neutrality
Eoin Murphy,The Meath Chronicle,synthetic_demo_author,True,4,0,1,0,3,0,0,0.0,100.0,75.0,0.0,0.0,Multi-actor / contested reported opinion,mixed_or_unclear,0.0,high_one_sided_amplification_risk,reported_actor_unclear,"Ukraine / Russia / Moral Responsibility, Other Neutrality Debate","Defence capability and security gaps, Sinn Féin and government neutrality clash — Ukraine/political angle"
James Buckley,Limerick's Live 95FM,synthetic_demo_author,True,4,0,4,0,0,0,0,0.0,100.0,0.0,0.0,0.0,Single-actor reported opinion,preserve_neutrality,0.0,high_one_sided_amplification_risk,"Mary Lou McDonald, Sinn Féin",Other Neutrality Debate,Sinn Féin and government neutrality clash
Emma Fitzgerald,The 9-11 Show,synthetic_demo_author,True,4,1,3,0,0,0,0,25.0,75.0,0.0,0.0,0.0,Single-actor reported opinion,mixed_or_unclear,0.0,high_one_sided_amplification_risk,"reported_actor_unclear, Russia, Helen McEntee",Other Neutrality Debate,Defence capability and security gaps
Grace Collins,The Irish Independent,synthetic_demo_author,True,4,2,1,0,1,0,0,50.0,50.0,25.0,0.0,0.0,Publication-owned opinion,preserve_neutrality,0.0,high_one_sided_amplification_risk,Government,"Ukraine / Russia / Moral Responsibility, Triple Lock / UN Mandate, Peacekeeping / Identity / Tradition",Ukraine war and moral neutrality
Brian Connolly,The Neil Prendeville Show,synthetic_demo_author,True,4,0,2,0,0,2,0,0.0,50.0,0.0,50.0,0.0,Single-actor reported opinion,mixed_or_unclear,0.0,high_one_sided_amplification_risk,"reported_actor_unclear, Defence Forces",Other Neutrality Debate,Defence capability and security gaps
Orla Gallagher,Liveline,synthetic_demo_author,True,4,0,2,0,0,2,0,0.0,50.0,0.0,50.0,0.0,Factual / low-opinion reporting,preserve_neutrality,0.0,high_one_sided_amplification_risk,reported_actor_unclear,Other Neutrality Debate,Ukraine war and moral neutrality
Mark Duffy,Limerick Today,synthetic_demo_author,True,4,1,0,0,1,2,0,25.0,25.0,25.0,50.0,0.0,Factual / low-opinion reporting,mixed_or_unclear,0.0,high_one_sided_amplification_risk,,Other Neutrality Debate,Ukraine war and moral neutrality
Aisling Kennedy,Newstalk,synthetic_demo_author,True,4,1,1,0,0,1,1,25.0,25.0,0.0,25.0,25.0,Publication-owned opinion,mixed_or_unclear,0.0,high_one_sided_amplification_risk,NATO,Other Neutrality Debate,Ukraine war and moral neutrality
Orla Gallagher,Morning Ireland,synthetic_demo_author,True,4,0,1,0,0,2,1,0.0,25.0,0.0,50.0,25.0,Factual / low-opinion reporting,mixed_or_unclear,0.0,high_one_sided_amplification_risk,Government,Other Neutrality Debate,Shannon Airport and US military use
Alan Brady,Evening Herald,synthetic_demo_author,True,3,0,0,0,3,0,0,0.0,100.0,100.0,0.0,0.0,Multi-actor / contested reported opinion,preserve_neutrality,0.0,high_one_sided_amplification_risk,,Ukraine / Russia / Moral Responsibility,Ukraine war and moral neutrality
Eoin Murphy,Letterkenny Live,synthetic_demo_author,True,3,0,0,0,3,0,0,0.0,100.0,100.0,0.0,0.0,Multi-actor / contested reported opinion,move_away_or_align,0.918,medium_one_sided_amplification_risk,,"Defence Capability / Underinvestment, Shannon / US Military / Anti-war","General neutrality debate, Shannon Airport and US military use"
Emma Fitzgerald,Today FM,synthetic_demo_author,True,3,0,1,0,2,0,0,0.0,100.0,66.67,0.0,0.0,Multi-actor / contested reported opinion,mixed_or_unclear,0.0,high_one_sided_amplification_risk,Gaza,Other Neutrality Debate,Sinn Féin and government neutrality clash
James Buckley,Leinster Express,synthetic_demo_author,True,3,0,1,0,2,0,0,0.0,100.0,66.67,0.0,0.0,Multi-actor / contested reported opinion,move_away_or_align,0.918,medium_one_sided_amplification_risk,,"Defence Capability / Underinvestment, Peacekeeping / Identity / Tradition","General neutrality debate, General neutrality debate #2"
Kate Molloy,The Ditch,synthetic_demo_author,True,3,0,1,2,0,0,0,0.0,100.0,66.67,0.0,0.0,Multi-actor reported opinion,mixed_or_unclear,0.0,high_one_sided_amplification_risk,Micheál Martin,"NATO / EU Security Alignment, Budget / Fiscal / Public Finances, Defence Capability / Underinvestment",Ukraine war and moral neutrality
Liam Clarke,Leinster Express,synthetic_demo_author,True,3,0,1,1,1,0,0,0.0,100.0,66.67,0.0,0.0,Multi-actor / contested reported opinion,preserve_neutrality,0.0,high_one_sided_amplification_risk,Lelia Doolan,Shannon / US Military / Anti-war,Shannon Airport and US military use
Mark Duffy,The Irish Independent,synthetic_demo_author,True,3,0,1,2,0,0,0,0.0,100.0,66.67,0.0,0.0,Multi-actor reported opinion,mixed_or_unclear,0.0,high_one_sided_amplification_risk,,"Other Neutrality Debate, Budget / Fiscal / Public Finances",Defence capability and security gaps
Rebecca Flynn,The Irish Independent,synthetic_demo_author,True,3,0,1,0,2,0,0,0.0,100.0,66.67,0.0,0.0,Multi-actor / contested reported opinion,move_away_or_align,0.0,high_one_sided_amplification_risk,NATO,"Ukraine / Russia / Moral Responsibility, NATO / EU Security Alignment",Ukraine war and moral neutrality
Aisling Kennedy,North West Today,synthetic_demo_author,True,3,0,2,1,0,0,0,0.0,100.0,33.33,0.0,0.0,Single-actor reported opinion,preserve_neutrality,0.0,high_one_sided_amplification_risk,"Mary Lou McDonald, Helen McEntee","Peacekeeping / Identity / Tradition, Other Neutrality Debate",Ukraine war and moral neutrality
Fiona Murray,Sunshine 106.8 FM,synthetic_demo_author,True,3,0,2,0,1,0,0,0.0,100.0,33.33,0.0,0.0,Single-actor reported opinion,preserve_neutrality,0.0,high_one_sided_amplification_risk,"Government, Sinn Féin",Other Neutrality Debate,Ukraine war and moral neutrality
Rebecca Flynn,Hot Press,synthetic_demo_author,True,3,0,2,1,0,0,0,0.0,100.0,33.33,0.0,0.0,Single-actor reported opinion,preserve_neutrality,0.0,high_one_sided_amplification_risk,"Sally Rooney, Micheál Martin","Shannon / US Military / Anti-war, Ukraine / Russia / Moral Responsibility",Shannon Airport and US military use #2
Cian O'Neill,Today FM,synthetic_demo_author,True,3,0,3,0,0,0,0,0.0,100.0,0.0,0.0,0.0,Single-actor reported opinion,preserve_neutrality,0.0,high_one_sided_amplification_risk,Mary Lou McDonald,Other Neutrality Debate,Sinn Féin and government neutrality clash
Jack O'Donnell,Clare FM,synthetic_demo_author,True,3,0,3,0,0,0,0,0.0,100.0,0.0,0.0,0.0,Single-actor reported opinion,preserve_neutrality,0.0,high_one_sided_amplification_risk,"Micheál Martin, Government","Other Neutrality Debate, Shannon / US Military / Anti-war",Shannon Airport and US military use — international angle
Aisling Kennedy,Killarney Advertiser,synthetic_demo_author,True,3,0,0,0,2,0,1,0.0,66.67,66.67,0.0,33.33,Multi-actor / contested reported opinion,mixed_or_unclear,0.0,high_one_sided_amplification_risk,,Ukraine / Russia / Moral Responsibility,Ukraine war and moral neutrality
Daniel Hughes,Sunday Independent (Ireland),synthetic_demo_author,True,3,0,0,1,1,1,0,0.0,66.67,66.67,33.33,0.0,Multi-actor reported opinion,mixed_or_unclear,0.0,high_one_sided_amplification_risk,,"Triple Lock / UN Mandate, Other Neutrality Debate, Ukraine / Russia / Moral Responsibility",Ukraine war and moral neutrality
Fiona Murray,Hot Press,synthetic_demo_author,True,3,0,0,1,1,0,1,0.0,66.67,66.67,0.0,33.33,Multi-actor / contested reported opinion,preserve_neutrality,0.0,high_one_sided_amplification_risk,,Shannon / US Military / Anti-war,Defence capability and security gaps
Sean O'Sullivan,The Clare Champion,synthetic_demo_author,True,3,0,0,1,1,0,1,0.0,66.67,66.67,0.0,33.33,Multi-actor reported opinion,preserve_neutrality,0.0,high_one_sided_amplification_risk,,Shannon / US Military / Anti-war,Shannon Airport and US military use — international angle
Clare Walsh,The Irish Independent,synthetic_demo_author,True,3,0,1,0,1,0,1,0.0,66.67,33.33,0.0,33.33,Single-actor reported opinion,mixed_or_unclear,0.0,high_one_sided_amplification_risk,,"Ukraine / Russia / Moral Responsibility, Peacekeeping / Identity / Tradition",General neutrality debate #2
Kate Molloy,Dublin People,synthetic_demo_author,True,3,0,1,0,1,1,0,0.0,66.67,33.33,33.33,0.0,Factual / low-opinion reporting,mixed_or_unclear,0.0,high_one_sided_amplification_risk,Ukraine,"Other Neutrality Debate, Ukraine / Russia / Moral Responsibility, Defence Capability / Underinvestment",Ukraine war and moral neutrality
Kevin O'Brien,The Last Word,synthetic_demo_author,True,3,0,1,1,0,1,0,0.0,66.67,33.33,33.33,0.0,Single-actor reported opinion,mixed_or_unclear,0.0,high_one_sided_amplification_risk,Micheál Martin,Other Neutrality Debate,Ukraine war and moral neutrality
Orla Gallagher,The Irish Times,synthetic_demo_author,True,3,0,1,0,1,1,0,0.0,66.67,33.33,33.33,0.0,Single-actor reported opinion,mixed_or_unclear,0.0,high_one_sided_amplification_risk,Government,"Ukraine / Russia / Moral Responsibility, Other Neutrality Debate",General neutrality debate #2
Orla Gallagher,The Pat Kenny Show,synthetic_demo_author,True,3,1,1,0,0,1,0,33.33,33.33,0.0,33.33,0.0,Single-actor reported opinion,preserve_neutrality,0.0,high_one_sided_amplification_risk,Shannon Airport,"Other Neutrality Debate, Shannon / US Military / Anti-war",Ukraine war and moral neutrality
Sean O'Sullivan,Northern Sound,synthetic_demo_author,True,3,0,1,0,0,2,0,0.0,33.33,0.0,66.67,0.0,Factual / low-opinion reporting,mixed_or_unclear,0.0,high_one_sided_amplification_risk,Government,Other Neutrality Debate,Ukraine war and moral neutrality
Rachel Moore,NewsTalk Breakfast,synthetic_demo_author,True,3,2,0,0,0,0,1,66.67,0.0,0.0,0.0,33.33,Publication-owned opinion,mixed_or_unclear,0.0,high_one_sided_amplification_risk,,Other Neutrality Debate,Sinn Féin and government neutrality clash
Aisling Kennedy,Leitrim Observer,synthetic_demo_author,True,2,0,0,0,2,0,0,0.0,100.0,100.0,0.0,0.0,Multi-actor / contested reported opinion,move_away_or_align,0.0,low_sample,,Defence Capability / Underinvestment,General neutrality debate
Aisling Kennedy,The Inish Times,synthetic_demo_author,True,2,0,0,0,2,0,0,0.0,100.0,100.0,0.0,0.0,Multi-actor / contested reported opinion,move_away_or_align,0.0,low_sample,,Defence Capability / Underinvestment,General neutrality debate
Alan Brady,The Mail on Sunday (Ireland),synthetic_demo_author,True,2,0,0,0,2,0,0,0.0,100.0,100.0,0.0,0.0,Multi-actor / contested reported opinion,preserve_neutrality,0.0,low_sample,,Ukraine / Russia / Moral Responsibility,Ukraine war and moral neutrality
Alan Brady,Waterford Live,synthetic_demo_author,True,2,0,0,0,2,0,0,0.0,100.0,100.0,0.0,0.0,Multi-actor / contested reported opinion,move_away_or_align,0.0,low_sample,,Defence Capability / Underinvestment,General neutrality debate
Brian Connolly,The Westmeath Independent,synthetic_demo_author,True,2,0,0,0,2,0,0,0.0,100.0,100.0,0.0,0.0,Multi-actor / contested reported opinion,mixed_or_unclear,0.0,low_sample,,Ukraine / Russia / Moral Responsibility,Sinn Féin and government neutrality clash — Ukraine/political angle
Ciara McCarthy,The Inish Times,synthetic_demo_author,True,2,0,0,1,1,0,0,0.0,100.0,100.0,0.0,0.0,Multi-actor reported opinion,preserve_neutrality,0.0,low_sample,,"Other Neutrality Debate, Ukraine / Russia / Moral Responsibility",Referendum and constitutional protection
Clare Walsh,Connaught Telegraph,synthetic_demo_author,True,2,0,0,0,2,0,0,0.0,100.0,100.0,0.0,0.0,Multi-actor / contested reported opinion,mixed_or_unclear,0.0,low_sample,,Ukraine / Russia / Moral Responsibility,Sinn Féin and government neutrality clash — Ukraine/political angle
Clare Walsh,Offaly Independent,synthetic_demo_author,True,2,0,0,0,2,0,0,0.0,100.0,100.0,0.0,0.0,Multi-actor / contested reported opinion,mixed_or_unclear,0.0,low_sample,,Ukraine / Russia / Moral Responsibility,Sinn Féin and government neutrality clash — Ukraine/political angle
Emma Fitzgerald,Waterford News & Star,synthetic_demo_author,True,2,0,0,1,1,0,0,0.0,100.0,100.0,0.0,0.0,Multi-actor reported opinion,preserve_neutrality,0.0,low_sample,,"Peacekeeping / Identity / Tradition, Triple Lock / UN Mandate",Triple Lock and UN mandate debate
Fiona Murray,Leinster Leader,synthetic_demo_author,True,2,0,0,0,2,0,0,0.0,100.0,100.0,0.0,0.0,Multi-actor / contested reported opinion,move_away_or_align,0.0,low_sample,,Defence Capability / Underinvestment,General neutrality debate
Grace Collins,Tipperary Live,synthetic_demo_author,True,2,0,0,0,2,0,0,0.0,100.0,100.0,0.0,0.0,Multi-actor / contested reported opinion,move_away_or_align,0.0,low_sample,,Defence Capability / Underinvestment,General neutrality debate
Kate Molloy,Letterkenny Live,synthetic_demo_author,True,2,0,0,1,1,0,0,0.0,100.0,100.0,0.0,0.0,Multi-actor reported opinion,preserve_neutrality,0.0,low_sample,,"Other Neutrality Debate, Ukraine / Russia / Moral Responsibility",Referendum and constitutional protection
Kevin O'Brien,The Kerryman,synthetic_demo_author,True,2,0,0,0,2,0,0,0.0,100.0,100.0,0.0,0.0,Multi-actor / contested reported opinion,mixed_or_unclear,0.0,low_sample,,Other Neutrality Debate,Referendum and constitutional protection
Liam Clarke,Dundalk Democrat,synthetic_demo_author,True,2,0,0,0,2,0,0,0.0,100.0,100.0,0.0,0.0,Multi-actor / contested reported opinion,move_away_or_align,0.0,low_sample,,Defence Capability / Underinvestment,General neutrality debate
Maeve Kelly,Cork Beo,synthetic_demo_author,True,2,0,0,2,0,0,0,0.0,100.0,100.0,0.0,0.0,Multi-actor reported opinion,preserve_neutrality,0.0,low_sample,,Shannon / US Military / Anti-war,Shannon Airport and US military use
Megan Daly,GalwayBeo,synthetic_demo_author,True,2,0,0,0,2,0,0,0.0,100.0,100.0,0.0,0.0,Multi-actor / contested reported opinion,mixed_or_unclear,0.0,low_sample,,"Other Neutrality Debate, Ukraine / Russia / Moral Responsibility",Sinn Féin and government neutrality clash
Michael O'Connor,GalwayBeo,synthetic_demo_author,True,2,0,0,2,0,0,0,0.0,100.0,100.0,0.0,0.0,Multi-actor reported opinion,preserve_neutrality,0.0,low_sample,,Shannon / US Military / Anti-war,Shannon Airport and US military use
Michael O'Connor,The Westmeath Examiner,synthetic_demo_author,True,2,0,0,0,2,0,0,0.0,100.0,100.0,0.0,0.0,Multi-actor / contested reported opinion,mixed_or_unclear,0.0,low_sample,,Ukraine / Russia / Moral Responsibility,Sinn Féin and government neutrality clash — Ukraine/political angle
Niamh Walsh,Killarney Advertiser,synthetic_demo_author,True,2,0,0,0,2,0,0,0.0,100.0,100.0,0.0,0.0,Multi-actor / contested reported opinion,mixed_or_unclear,0.0,low_sample,,Ukraine / Russia / Moral Responsibility,Defence capability and security gaps
Patrick Nolan,Carlow Live,synthetic_demo_author,True,2,0,0,0,2,0,0,0.0,100.0,100.0,0.0,0.0,Multi-actor / contested reported opinion,move_away_or_align,0.0,low_sample,,Defence Capability / Underinvestment,General neutrality debate
Paul Kavanagh,Longford Leader,synthetic_demo_author,True,2,0,0,0,2,0,0,0.0,100.0,100.0,0.0,0.0,Multi-actor / contested reported opinion,move_away_or_align,0.0,low_sample,,Defence Capability / Underinvestment,General neutrality debate
Rachel Moore,Cork Beo,synthetic_demo_author,True,2,0,0,0,2,0,0,0.0,100.0,100.0,0.0,0.0,Multi-actor / contested reported opinion,mixed_or_unclear,0.0,low_sample,,Defence Capability / Underinvestment,Ukraine war and moral neutrality
Rebecca Flynn,Waterford News & Star,synthetic_demo_author,True,2,0,0,0,2,0,0,0.0,100.0,100.0,0.0,0.0,Multi-actor / contested reported opinion,mixed_or_unclear,0.0,low_sample,,Ukraine / Russia / Moral Responsibility,General neutrality debate #2
Roisin Farrell,Derry Post,synthetic_demo_author,True,2,0,0,0,2,0,0,0.0,100.0,100.0,0.0,0.0,Multi-actor / contested reported opinion,mixed_or_unclear,0.0,low_sample,,Other Neutrality Debate,Sinn Féin and government neutrality clash — Ukraine/political angle
Ronan Doyle,Breakingnews.ie,synthetic_demo_author,True,2,0,0,1,1,0,0,0.0,100.0,100.0,0.0,0.0,Multi-actor / contested reported opinion,preserve_neutrality,0.0,low_sample,,Other Neutrality Debate,"Defence capability and security gaps, Referendum and constitutional protection"
Sean O'Sullivan,The Westmeath Independent,synthetic_demo_author,True,2,0,0,1,1,0,0,0.0,100.0,100.0,0.0,0.0,Multi-actor reported opinion,preserve_neutrality,1.0,low_sample,,"Triple Lock / UN Mandate, Defence Capability / Underinvestment","Triple Lock and UN mandate debate, Defence capability and security gaps"
Sophie Barrett,The Donegal News,synthetic_demo_author,True,2,0,0,1,1,0,0,0.0,100.0,100.0,0.0,0.0,Multi-actor / contested reported opinion,preserve_neutrality,0.0,low_sample,,"Other Neutrality Debate, Peacekeeping / Identity / Tradition",Ukraine war and moral neutrality
Alan Brady,Hot Press,synthetic_demo_author,True,2,0,1,0,1,0,0,0.0,100.0,50.0,0.0,0.0,Multi-actor / contested reported opinion,preserve_neutrality,0.0,low_sample,,Ukraine / Russia / Moral Responsibility,Ukraine war and moral neutrality
Eoin Murphy,The Belfast Telegraph,synthetic_demo_author,True,2,0,1,0,1,0,0,0.0,100.0,50.0,0.0,0.0,Multi-actor / contested reported opinion,mixed_or_unclear,0.0,low_sample,Government,"Budget / Fiscal / Public Finances, Ukraine / Russia / Moral Responsibility",Ukraine war and moral neutrality
Laura Hayes,The Irish Examiner,synthetic_demo_author,True,2,0,1,0,1,0,0,0.0,100.0,50.0,0.0,0.0,Single-actor reported opinion,preserve_neutrality,0.0,low_sample,Lelia Doolan,Shannon / US Military / Anti-war,Shannon Airport and US military use
Liam Clarke,RTE,synthetic_demo_author,True,2,0,1,0,1,0,0,0.0,100.0,50.0,0.0,0.0,Single-actor reported opinion,preserve_neutrality,0.0,low_sample,EU,Peacekeeping / Identity / Tradition,Ukraine war and moral neutrality
Martin Casey,WLR FM,synthetic_demo_author,True,2,0,1,1,0,0,0,0.0,100.0,50.0,0.0,0.0,Single-actor reported opinion,preserve_neutrality,0.0,low_sample,Defence Forces,Triple Lock / UN Mandate,Sinn Féin and government neutrality clash
Sarah Byrne,Leinster Express,synthetic_demo_author,True,2,0,1,0,1,0,0,0.0,100.0,50.0,0.0,0.0,Multi-actor / contested reported opinion,preserve_neutrality,0.0,low_sample,Lelia Doolan,"Other Neutrality Debate, Shannon / US Military / Anti-war",Defence capability and security gaps
Aisling Kennedy,C103,synthetic_demo_author,True,2,0,2,0,0,0,0,0.0,100.0,0.0,0.0,0.0,Single-actor reported opinion,mixed_or_unclear,0.0,low_sample,"Mary Lou McDonald, Micheál Martin",Other Neutrality Debate,Sinn Féin and government neutrality clash
Alan Brady,98FM,synthetic_demo_author,True,2,0,2,0,0,0,0,0.0,100.0,0.0,0.0,0.0,Single-actor reported opinion,preserve_neutrality,0.0,low_sample,"Mary Lou McDonald, Government",Other Neutrality Debate,Sinn Féin and government neutrality clash
Brian Connolly,The Kerryman,synthetic_demo_author,True,2,0,2,0,0,0,0,0.0,100.0,0.0,0.0,0.0,Single-actor reported opinion,preserve_neutrality,0.0,low_sample,Helen McEntee,Shannon / US Military / Anti-war,Shannon Airport and US military use — international angle
Ciara McCarthy,Q102,synthetic_demo_author,True,2,0,2,0,0,0,0,0.0,100.0,0.0,0.0,0.0,Single-actor reported opinion,preserve_neutrality,0.0,low_sample,"Micheál Martin, Mary Lou McDonald",Other Neutrality Debate,Sinn Féin and government neutrality clash
David Sheehan,Hard Shoulder,synthetic_demo_author,True,2,0,2,0,0,0,0,0.0,100.0,0.0,0.0,0.0,Single-actor reported opinion,preserve_neutrality,0.0,low_sample,"Mary Lou McDonald, reported_actor_unclear",Other Neutrality Debate,Ukraine war and moral neutrality
David Sheehan,Ocean FM,synthetic_demo_author,True,2,0,2,0,0,0,0,0.0,100.0,0.0,0.0,0.0,Single-actor reported opinion,mixed_or_unclear,0.0,low_sample,"Micheál Martin, Government",Other Neutrality Debate,Ukraine war and moral neutrality
Fiona Murray,Shannonside FM,synthetic_demo_author,True,2,0,2,0,0,0,0,0.0,100.0,0.0,0.0,0.0,Single-actor reported opinion,preserve_neutrality,0.0,low_sample,"Helen McEntee, Government","Other Neutrality Debate, Triple Lock / UN Mandate",Ukraine war and moral neutrality
Kate Molloy,FM104,synthetic_demo_author,True,2,0,2,0,0,0,0,0.0,100.0,0.0,0.0,0.0,Single-actor reported opinion,preserve_neutrality,0.0,low_sample,Mary Lou McDonald,Other Neutrality Debate,Sinn Féin and government neutrality clash
Maeve Kelly,Cork's 96 FM,synthetic_demo_author,True,2,0,2,0,0,0,0,0.0,100.0,0.0,0.0,0.0,Single-actor reported opinion,preserve_neutrality,0.0,low_sample,"Mary Lou McDonald, Micheál Martin",Other Neutrality Debate,Sinn Féin and government neutrality clash
Martin Casey,Morning Ireland,synthetic_demo_author,True,2,0,2,0,0,0,0,0.0,100.0,0.0,0.0,0.0,Single-actor reported opinion,preserve_neutrality,0.0,low_sample,"Lelia Doolan, Mary Lou McDonald","Shannon / US Military / Anti-war, Other Neutrality Debate",Shannon Airport and US military use
Megan Daly,The Kerryman,synthetic_demo_author,True,2,0,2,0,0,0,0,0.0,100.0,0.0,0.0,0.0,Single-actor reported opinion,mixed_or_unclear,0.0,low_sample,Helen McEntee,Ukraine / Russia / Moral Responsibility,Ukraine war and moral neutrality
Orla Gallagher,The Kerryman,synthetic_demo_author,True,2,0,2,0,0,0,0,0.0,100.0,0.0,0.0,0.0,Single-actor reported opinion,preserve_neutrality,0.0,low_sample,People Before Profit,Shannon / US Military / Anti-war,General neutrality debate #2
Rebecca Flynn,Highland Radio,synthetic_demo_author,True,2,0,2,0,0,0,0,0.0,100.0,0.0,0.0,0.0,Single-actor reported opinion,mixed_or_unclear,0.0,low_sample,"Fianna Fáil, Helen McEntee",Other Neutrality Debate,Defence capability and security gaps
David Sheehan,The Western People,synthetic_demo_author,True,2,0,0,0,1,1,0,0.0,50.0,50.0,50.0,0.0,Multi-actor / contested reported opinion,move_away_or_align,1.0,low_sample,,"Defence Capability / Underinvestment, Ukraine / Russia / Moral Responsibility","Defence capability and security gaps, General neutrality debate #2"
Emma Fitzgerald,The Belfast Telegraph,synthetic_demo_author,True,2,0,0,0,1,0,1,0.0,50.0,50.0,0.0,50.0,Multi-actor / contested reported opinion,preserve_neutrality,0.0,low_sample,,"Other Neutrality Debate, Shannon / US Military / Anti-war",Defence capability and security gaps
Rebecca Flynn,Deise Today,synthetic_demo_author,True,2,0,0,1,0,0,1,0.0,50.0,50.0,0.0,50.0,Unclear attribution,mixed_or_unclear,0.0,low_sample,,Other Neutrality Debate,Defence capability and security gaps
Roisin Farrell,The University Times,synthetic_demo_author,True,2,1,0,0,1,0,0,50.0,50.0,50.0,0.0,0.0,Multi-actor / contested reported opinion,mixed_or_unclear,0.0,low_sample,,Other Neutrality Debate,Ukraine war and moral neutrality
Ronan Doyle,The Western People,synthetic_demo_author,True,2,0,0,0,1,0,1,0.0,50.0,50.0,0.0,50.0,Unclear attribution,mixed_or_unclear,0.0,low_sample,,Other Neutrality Debate,Ukraine war and moral neutrality
Clare Walsh,University Observer,synthetic_demo_author,True,2,1,1,0,0,0,0,50.0,50.0,0.0,0.0,0.0,Single-actor reported opinion,mixed_or_unclear,0.0,low_sample,,Other Neutrality Debate,Ukraine war and moral neutrality
Daniel Hughes,Kerry Today,synthetic_demo_author,True,2,1,1,0,0,0,0,50.0,50.0,0.0,0.0,0.0,Publication-owned opinion,move_away_or_align,0.0,low_sample,,Other Neutrality Debate,Ukraine war and moral neutrality
Lisa Power,RTE News,synthetic_demo_author,True,2,0,1,0,0,1,0,0.0,50.0,0.0,50.0,0.0,Single-actor reported opinion,mixed_or_unclear,0.0,low_sample,,Ukraine / Russia / Moral Responsibility,Ukraine war and moral neutrality
Patrick Nolan,Limerick's Live 95FM,synthetic_demo_author,True,2,0,1,0,0,1,0,0.0,50.0,0.0,50.0,0.0,Single-actor reported opinion,mixed_or_unclear,0.0,low_sample,Mary Lou McDonald,Other Neutrality Debate,Sinn Féin and government neutrality clash
Stephen Reilly,The Last Word,synthetic_demo_author,True,2,0,1,0,0,1,0,0.0,50.0,0.0,50.0,0.0,Factual / low-opinion reporting,preserve_neutrality,0.0,low_sample,reported_actor_unclear,Other Neutrality Debate,Ukraine war and moral neutrality
Grace Collins,The Currency,synthetic_demo_author,True,2,0,0,0,0,1,1,0.0,0.0,0.0,50.0,50.0,Factual / low-opinion reporting,mixed_or_unclear,0.0,low_sample,,"Other Neutrality Debate, Budget / Fiscal / Public Finances",Ukraine war and moral neutrality
Kevin O'Brien,Cork's RedFM,synthetic_demo_author,True,2,0,0,0,0,1,1,0.0,0.0,0.0,50.0,50.0,Unclear attribution,mixed_or_unclear,0.0,low_sample,,Other Neutrality Debate,Ukraine war and moral neutrality
Mark Duffy,Cork Beo,synthetic_demo_author,True,2,0,0,0,0,0,2,0.0,0.0,0.0,0.0,100.0,Unclear attribution,preserve_neutrality,0.0,low_sample,,Ukraine / Russia / Moral Responsibility,Ukraine war and moral neutrality
Sarah Byrne,WLR FM,synthetic_demo_author,True,2,0,0,0,0,2,0,0.0,0.0,0.0,100.0,0.0,Factual / low-opinion reporting,mixed_or_unclear,0.0,low_sample,,Other Neutrality Debate,Sinn Féin and government neutrality clash
Aisling Kennedy,Kildare Nationalist,synthetic_demo_author,True,1,0,0,0,1,0,0,0.0,100.0,100.0,0.0,0.0,Multi-actor / contested reported opinion,move_away_or_align,0.0,low_sample,,Defence Capability / Underinvestment,Defence capability and security gaps
Aisling Kennedy,Longford Leader,synthetic_demo_author,True,1,0,0,0,1,0,0,0.0,100.0,100.0,0.0,0.0,Multi-actor / contested reported opinion,preserve_neutrality,0.0,low_sample,,Shannon / US Military / Anti-war,Shannon Airport and US military use
Aisling Kennedy,Sunday Independent (Ireland),synthetic_demo_author,True,1,0,0,1,0,0,0,0.0,100.0,100.0,0.0,0.0,Multi-actor reported opinion,reform_redefine,0.0,low_sample,,Defence Capability / Underinvestment,Ukraine war and moral neutrality
Aisling Kennedy,The Limerick Leader,synthetic_demo_author,True,1,0,0,0,1,0,0,0.0,100.0,100.0,0.0,0.0,Multi-actor / contested reported opinion,preserve_neutrality,0.0,low_sample,,Other Neutrality Debate,Defence capability and security gaps
Alan Brady,Laois Nationalist,synthetic_demo_author,True,1,0,0,1,0,0,0,0.0,100.0,100.0,0.0,0.0,Multi-actor reported opinion,preserve_neutrality,0.0,low_sample,,Triple Lock / UN Mandate,Triple Lock and UN mandate debate
Alan Brady,Offaly Independent,synthetic_demo_author,True,1,0,0,1,0,0,0,0.0,100.0,100.0,0.0,0.0,Multi-actor reported opinion,preserve_neutrality,0.0,low_sample,,Triple Lock / UN Mandate,Triple Lock and UN mandate debate
Alan Brady,The Irish Independent,synthetic_demo_author,True,1,0,0,0,1,0,0,0.0,100.0,100.0,0.0,0.0,Multi-actor / contested reported opinion,move_away_or_align,0.0,low_sample,,Ukraine / Russia / Moral Responsibility,Sinn Féin and government neutrality clash — Ukraine/political angle
Alana Loftus,Irish Star,real_reporter_metadata,False,1,0,0,1,0,0,0,0.0,100.0,100.0,0.0,0.0,Multi-actor reported opinion,preserve_neutrality,0.0,low_sample,,Shannon / US Military / Anti-war,Shannon Airport and US military use
Aoife Brennan,Dundalk Democrat,synthetic_demo_author,True,1,0,0,0,1,0,0,0.0,100.0,100.0,0.0,0.0,Multi-actor / contested reported opinion,preserve_neutrality,0.0,low_sample,,Other Neutrality Debate,Defence capability and security gaps
Aoife Brennan,Kildare Now,synthetic_demo_author,True,1,0,0,0,1,0,0,0.0,100.0,100.0,0.0,0.0,Multi-actor / contested reported opinion,move_away_or_align,0.0,low_sample,,Defence Capability / Underinvestment,General neutrality debate
Aoife Brennan,The Irish Independent,synthetic_demo_author,True,1,0,0,0,1,0,0,0.0,100.0,100.0,0.0,0.0,Multi-actor / contested reported opinion,preserve_neutrality,0.0,low_sample,,Ukraine / Russia / Moral Responsibility,Triple Lock and UN mandate debate
Brian Connolly,Breakingnews.ie,synthetic_demo_author,True,1,0,0,0,1,0,0,0.0,100.0,100.0,0.0,0.0,Multi-actor / contested reported opinion,move_away_or_align,0.0,low_sample,,Defence Capability / Underinvestment,General neutrality debate
Brian Connolly,Donegal Live,synthetic_demo_author,True,1,0,0,0,1,0,0,0.0,100.0,100.0,0.0,0.0,Multi-actor / contested reported opinion,preserve_neutrality,0.0,low_sample,,Shannon / US Military / Anti-war,Shannon Airport and US military use
Brian Connolly,The Western People,synthetic_demo_author,True,1,0,0,0,1,0,0,0.0,100.0,100.0,0.0,0.0,Multi-actor / contested reported opinion,mixed_or_unclear,0.0,low_sample,,Ukraine / Russia / Moral Responsibility,Sinn Féin and government neutrality clash — Ukraine/political angle
Brian Connolly,Tipperary Live,synthetic_demo_author,True,1,0,0,0,1,0,0,0.0,100.0,100.0,0.0,0.0,Multi-actor / contested reported opinion,preserve_neutrality,0.0,low_sample,,Other Neutrality Debate,Defence capability and security gaps
Brian Connolly,Tullamore Tribune,synthetic_demo_author,True,1,0,0,0,1,0,0,0.0,100.0,100.0,0.0,0.0,Multi-actor / contested reported opinion,move_away_or_align,0.0,low_sample,,Defence Capability / Underinvestment,General neutrality debate
Cian O'Neill,Clare Live,synthetic_demo_author,True,1,0,0,0,1,0,0,0.0,100.0,100.0,0.0,0.0,Multi-actor / contested reported opinion,preserve_neutrality,0.0,low_sample,,Shannon / US Military / Anti-war,Shannon Airport and US military use
Cian O'Neill,Offaly Independent,synthetic_demo_author,True,1,0,0,0,1,0,0,0.0,100.0,100.0,0.0,0.0,Multi-actor / contested reported opinion,move_away_or_align,0.0,low_sample,,Defence Capability / Underinvestment,Defence capability and security gaps
Cian O'Neill,The Mayo News,synthetic_demo_author,True,1,0,0,0,1,0,0,0.0,100.0,100.0,0.0,0.0,Multi-actor / contested reported opinion,preserve_neutrality,0.0,low_sample,,Triple Lock / UN Mandate,Ukraine war and moral neutrality
Cian O'Neill,The Sun (Ireland),synthetic_demo_author,True,1,0,0,0,1,0,0,0.0,100.0,100.0,0.0,0.0,Multi-actor / contested reported opinion,mixed_or_unclear,0.0,low_sample,,Other Neutrality Debate,Sinn Féin and government neutrality clash
Ciara McCarthy,Clare FM,synthetic_demo_author,True,1,0,0,0,1,0,0,0.0,100.0,100.0,0.0,0.0,Multi-actor / contested reported opinion,mixed_or_unclear,0.0,low_sample,,Other Neutrality Debate,Shannon Airport and US military use — international angle
Ciara McCarthy,Kilkenny People,synthetic_demo_author,True,1,0,0,0,1,0,0,0.0,100.0,100.0,0.0,0.0,Multi-actor / contested reported opinion,preserve_neutrality,0.0,low_sample,,Shannon / US Military / Anti-war,Shannon Airport and US military use
Clare Walsh,Carlow Live,synthetic_demo_author,True,1,0,0,0,1,0,0,0.0,100.0,100.0,0.0,0.0,Multi-actor / contested reported opinion,preserve_neutrality,0.0,low_sample,,Shannon / US Military / Anti-war,Shannon Airport and US military use
Clare Walsh,New Ross Standard,synthetic_demo_author,True,1,0,0,1,0,0,0,0.0,100.0,100.0,0.0,0.0,Multi-actor reported opinion,mixed_or_unclear,0.0,low_sample,,Ukraine / Russia / Moral Responsibility,Ukraine war and moral neutrality
Conor Pope,The Irish Times,real_reporter_metadata,False,1,0,0,0,1,0,0,0.0,100.0,100.0,0.0,0.0,Multi-actor / contested reported opinion,preserve_neutrality,0.0,low_sample,,Other Neutrality Debate,Triple Lock and UN mandate debate
Conor Ryan,Clare Live,synthetic_demo_author,True,1,0,0,1,0,0,0,0.0,100.0,100.0,0.0,0.0,Multi-actor reported opinion,preserve_neutrality,0.0,low_sample,,Other Neutrality Debate,Referendum and constitutional protection
Conor Ryan,Kilkenny People,synthetic_demo_author,True,1,0,0,1,0,0,0,0.0,100.0,100.0,0.0,0.0,Multi-actor reported opinion,preserve_neutrality,0.0,low_sample,,Other Neutrality Debate,Referendum and constitutional protection
Cormac OKeeffe,The Irish Examiner,real_reporter_metadata,False,1,0,0,0,1,0,0,0.0,100.0,100.0,0.0,0.0,Multi-actor / contested reported opinion,mixed_or_unclear,0.0,low_sample,,Ukraine / Russia / Moral Responsibility,Ukraine war and moral neutrality
Daniel Hughes,Carlow Times,synthetic_demo_author,True,1,0,0,0,1,0,0,0.0,100.0,100.0,0.0,0.0,Multi-actor / contested reported opinion,move_away_or_align,0.0,low_sample,,Defence Capability / Underinvestment,General neutrality debate
Daniel Hughes,Cork Live,synthetic_demo_author,True,1,0,0,1,0,0,0,0.0,100.0,100.0,0.0,0.0,Multi-actor reported opinion,preserve_neutrality,0.0,low_sample,,Other Neutrality Debate,Referendum and constitutional protection
Daniel Hughes,Echo Live,synthetic_demo_author,True,1,0,0,1,0,0,0,0.0,100.0,100.0,0.0,0.0,Multi-actor reported opinion,preserve_neutrality,0.0,low_sample,,Triple Lock / UN Mandate,Triple Lock and UN mandate debate
Daniel Hughes,Longford Leader,synthetic_demo_author,True,1,0,0,1,0,0,0,0.0,100.0,100.0,0.0,0.0,Multi-actor reported opinion,preserve_neutrality,0.0,low_sample,,Other Neutrality Debate,Referendum and constitutional protection
Daniel Hughes,Midlands Today,synthetic_demo_author,True,1,0,0,1,0,0,0,0.0,100.0,100.0,0.0,0.0,Multi-actor reported opinion,preserve_neutrality,0.0,low_sample,,Other Neutrality Debate,Sinn Féin and government neutrality clash
Daniel Hughes,Roscommon Herald,synthetic_demo_author,True,1,0,0,1,0,0,0,0.0,100.0,100.0,0.0,0.0,Multi-actor reported opinion,preserve_neutrality,0.0,low_sample,,Other Neutrality Debate,Referendum and constitutional protection
David Sheehan,Connaught Telegraph,synthetic_demo_author,True,1,0,0,0,1,0,0,0.0,100.0,100.0,0.0,0.0,Multi-actor / contested reported opinion,mixed_or_unclear,0.0,low_sample,,Other Neutrality Debate,Defence capability and security gaps
David Sheehan,Letterkenny Live,synthetic_demo_author,True,1,0,0,0,1,0,0,0.0,100.0,100.0,0.0,0.0,Multi-actor / contested reported opinion,preserve_neutrality,0.0,low_sample,,Other Neutrality Debate,Defence capability and security gaps
David Sheehan,Roscommon Herald,synthetic_demo_author,True,1,0,0,1,0,0,0,0.0,100.0,100.0,0.0,0.0,Multi-actor reported opinion,preserve_neutrality,0.0,low_sample,,Peacekeeping / Identity / Tradition,Triple Lock and UN mandate debate
David Sheehan,The Irish Times,synthetic_demo_author,True,1,0,0,0,1,0,0,0.0,100.0,100.0,0.0,0.0,Multi-actor / contested reported opinion,preserve_neutrality,0.0,low_sample,,Ukraine / Russia / Moral Responsibility,Shannon Airport and US military use #2
Emma Fitzgerald,College Tribune,synthetic_demo_author,True,1,0,0,0,1,0,0,0.0,100.0,100.0,0.0,0.0,Multi-actor / contested reported opinion,preserve_neutrality,0.0,low_sample,,Public Consent / Referendum,Ukraine war and moral neutrality
Emma Fitzgerald,Kildare Now,synthetic_demo_author,True,1,0,0,0,1,0,0,0.0,100.0,100.0,0.0,0.0,Multi-actor / contested reported opinion,preserve_neutrality,0.0,low_sample,,Other Neutrality Debate,Defence capability and security gaps
Emma Fitzgerald,Leinster Leader,synthetic_demo_author,True,1,0,0,1,0,0,0,0.0,100.0,100.0,0.0,0.0,Multi-actor reported opinion,preserve_neutrality,0.0,low_sample,,Other Neutrality Debate,Referendum and constitutional protection
Emma Fitzgerald,The Westmeath Examiner,synthetic_demo_author,True,1,0,0,0,1,0,0,0.0,100.0,100.0,0.0,0.0,Multi-actor / contested reported opinion,mixed_or_unclear,0.0,low_sample,,Other Neutrality Debate,Defence capability and security gaps
Eoin Murphy,Echo Live,synthetic_demo_author,True,1,0,0,1,0,0,0,0.0,100.0,100.0,0.0,0.0,Multi-actor reported opinion,preserve_neutrality,0.0,low_sample,,Other Neutrality Debate,Referendum and constitutional protection
Eoin Murphy,Shannonside FM,synthetic_demo_author,True,1,0,0,1,0,0,0,0.0,100.0,100.0,0.0,0.0,Multi-actor reported opinion,preserve_neutrality,0.0,low_sample,,Public Consent / Referendum,Sinn Féin and government neutrality clash
Eoin Murphy,The Munster Express,synthetic_demo_author,True,1,0,0,1,0,0,0,0.0,100.0,100.0,0.0,0.0,Multi-actor reported opinion,mixed_or_unclear,0.0,low_sample,,Ukraine / Russia / Moral Responsibility,General neutrality debate #2
Eoin Murphy,Tuam Herald,synthetic_demo_author,True,1,0,0,0,1,0,0,0.0,100.0,100.0,0.0,0.0,Multi-actor / contested reported opinion,mixed_or_unclear,0.0,low_sample,,Other Neutrality Debate,Defence capability and security gaps
Fiona Murray,Dublin People,synthetic_demo_author,True,1,0,0,1,0,0,0,0.0,100.0,100.0,0.0,0.0,Multi-actor reported opinion,preserve_neutrality,0.0,low_sample,,Other Neutrality Debate,Shannon Airport and US military use #2
Fiona Murray,Kildare Nationalist,synthetic_demo_author,True,1,0,0,1,0,0,0,0.0,100.0,100.0,0.0,0.0,Multi-actor reported opinion,preserve_neutrality,0.0,low_sample,,Other Neutrality Debate,Referendum and constitutional protection
Fiona Murray,Laois Nationalist,synthetic_demo_author,True,1,0,0,0,1,0,0,0.0,100.0,100.0,0.0,0.0,Multi-actor / contested reported opinion,preserve_neutrality,0.0,low_sample,,Ukraine / Russia / Moral Responsibility,Ukraine war and moral neutrality
Fiona Murray,Waterford News & Star,synthetic_demo_author,True,1,0,0,0,1,0,0,0.0,100.0,100.0,0.0,0.0,Multi-actor / contested reported opinion,mixed_or_unclear,0.0,low_sample,,Ukraine / Russia / Moral Responsibility,Sinn Féin and government neutrality clash — Ukraine/political angle
Fiona Murray,eolas Magazine,synthetic_demo_author,True,1,0,0,0,1,0,0,0.0,100.0,100.0,0.0,0.0,Multi-actor / contested reported opinion,mixed_or_unclear,0.0,low_sample,,Other Neutrality Debate,Ukraine war and moral neutrality
Grace Collins,Galway Advertiser,synthetic_demo_author,True,1,0,0,0,1,0,0,0.0,100.0,100.0,0.0,0.0,Multi-actor / contested reported opinion,mixed_or_unclear,0.0,low_sample,,Other Neutrality Debate,Sinn Féin and government neutrality clash
Grace Collins,Offaly Independent,synthetic_demo_author,True,1,0,0,0,1,0,0,0.0,100.0,100.0,0.0,0.0,Multi-actor / contested reported opinion,mixed_or_unclear,0.0,low_sample,,Other Neutrality Debate,Defence capability and security gaps
Grace Collins,The Ditch,synthetic_demo_author,True,1,0,0,0,1,0,0,0.0,100.0,100.0,0.0,0.0,Multi-actor / contested reported opinion,preserve_neutrality,0.0,low_sample,,Shannon / US Military / Anti-war,Shannon Airport and US military use — international angle
Grace Collins,The Limerick Leader,synthetic_demo_author,True,1,0,0,0,1,0,0,0.0,100.0,100.0,0.0,0.0,Multi-actor / contested reported opinion,preserve_neutrality,0.0,low_sample,,Shannon / US Military / Anti-war,Shannon Airport and US military use
Grace Collins,The Limerick Post,synthetic_demo_author,True,1,0,0,1,0,0,0,0.0,100.0,100.0,0.0,0.0,Multi-actor reported opinion,preserve_neutrality,0.0,low_sample,,Shannon / US Military / Anti-war,Shannon Airport and US military use — international angle
Grainne Ni Aodha,Daily Mirror (Ireland),real_reporter_metadata,False,1,0,0,1,0,0,0,0.0,100.0,100.0,0.0,0.0,Multi-actor reported opinion,preserve_neutrality,0.0,low_sample,,Shannon / US Military / Anti-war,Shannon Airport and US military use
Grainne Ni Aodha,The Belfast Telegraph,real_reporter_metadata,False,1,0,0,1,0,0,0,0.0,100.0,100.0,0.0,0.0,Multi-actor reported opinion,preserve_neutrality,0.0,low_sample,,Shannon / US Military / Anti-war,Shannon Airport and US military use
Grainne Ni Aodha,The Irish Examiner,real_reporter_metadata,False,1,0,0,0,1,0,0,0.0,100.0,100.0,0.0,0.0,Multi-actor / contested reported opinion,preserve_neutrality,0.0,low_sample,,Shannon / US Military / Anti-war,Shannon Airport and US military use
Hannah Quinn,Donegal Live,synthetic_demo_author,True,1,0,0,1,0,0,0,0.0,100.0,100.0,0.0,0.0,Multi-actor reported opinion,preserve_neutrality,0.0,low_sample,,Other Neutrality Debate,Referendum and constitutional protection
Hannah Quinn,Dublin Live,synthetic_demo_author,True,1,0,0,1,0,0,0,0.0,100.0,100.0,0.0,0.0,Multi-actor reported opinion,mixed_or_unclear,0.0,low_sample,,Other Neutrality Debate,Defence capability and security gaps
Hannah Quinn,Kildare Nationalist,synthetic_demo_author,True,1,0,0,0,1,0,0,0.0,100.0,100.0,0.0,0.0,Multi-actor / contested reported opinion,mixed_or_unclear,0.0,low_sample,,Ukraine / Russia / Moral Responsibility,Sinn Féin and government neutrality clash — Ukraine/political angle
Hannah Quinn,Nenagh Guardian,synthetic_demo_author,True,1,0,0,1,0,0,0,0.0,100.0,100.0,0.0,0.0,Multi-actor reported opinion,preserve_neutrality,0.0,low_sample,,Shannon / US Military / Anti-war,Shannon Airport and US military use
Jack O'Donnell,Carlow Live,synthetic_demo_author,True,1,0,0,0,1,0,0,0.0,100.0,100.0,0.0,0.0,Multi-actor / contested reported opinion,preserve_neutrality,0.0,low_sample,,Other Neutrality Debate,Defence capability and security gaps
Jack O'Donnell,Carlow Times,synthetic_demo_author,True,1,0,0,1,0,0,0,0.0,100.0,100.0,0.0,0.0,Multi-actor reported opinion,preserve_neutrality,0.0,low_sample,,Other Neutrality Debate,Referendum and constitutional protection
Jack O'Donnell,Clare Live,synthetic_demo_author,True,1,0,0,0,1,0,0,0.0,100.0,100.0,0.0,0.0,Multi-actor / contested reported opinion,preserve_neutrality,0.0,low_sample,,Other Neutrality Debate,Defence capability and security gaps
Jack O'Donnell,Cork Live,synthetic_demo_author,True,1,0,0,0,1,0,0,0.0,100.0,100.0,0.0,0.0,Multi-actor / contested reported opinion,preserve_neutrality,0.0,low_sample,,Shannon / US Military / Anti-war,Shannon Airport and US military use
Jack O'Donnell,Daily Mirror (Ireland),synthetic_demo_author,True,1,0,0,0,1,0,0,0.0,100.0,100.0,0.0,0.0,Multi-actor / contested reported opinion,preserve_neutrality,0.0,low_sample,,Other Neutrality Debate,Defence capability and security gaps
Jack O'Donnell,Echo Live,synthetic_demo_author,True,1,0,0,0,1,0,0,0.0,100.0,100.0,0.0,0.0,Multi-actor / contested reported opinion,move_away_or_align,0.0,low_sample,,Defence Capability / Underinvestment,Defence capability and security gaps
Jack O'Donnell,Hard Shoulder,synthetic_demo_author,True,1,0,0,0,1,0,0,0.0,100.0,100.0,0.0,0.0,Multi-actor / contested reported opinion,preserve_neutrality,0.0,low_sample,,Peacekeeping / Identity / Tradition,Triple Lock and UN mandate debate
Jack O'Donnell,Laois Nationalist,synthetic_demo_author,True,1,0,0,0,1,0,0,0.0,100.0,100.0,0.0,0.0,Multi-actor / contested reported opinion,move_away_or_align,0.0,low_sample,,Defence Capability / Underinvestment,Defence capability and security gaps
Jack O'Donnell,Leinster Leader,synthetic_demo_author,True,1,0,0,0,1,0,0,0.0,100.0,100.0,0.0,0.0,Multi-actor / contested reported opinion,preserve_neutrality,0.0,low_sample,,Shannon / US Military / Anti-war,Shannon Airport and US military use
Jack O'Donnell,Leitrim Observer,synthetic_demo_author,True,1,0,0,0,1,0,0,0.0,100.0,100.0,0.0,0.0,Multi-actor / contested reported opinion,preserve_neutrality,0.0,low_sample,,Other Neutrality Debate,Defence capability and security gaps
Jack O'Donnell,Roscommon Herald,synthetic_demo_author,True,1,0,0,0,1,0,0,0.0,100.0,100.0,0.0,0.0,Multi-actor / contested reported opinion,move_away_or_align,0.0,low_sample,,Defence Capability / Underinvestment,Defence capability and security gaps
Jack O'Donnell,The Nationalist (Tipperary),synthetic_demo_author,True,1,0,0,0,1,0,0,0.0,100.0,100.0,0.0,0.0,Multi-actor / contested reported opinion,preserve_neutrality,0.0,low_sample,,Other Neutrality Debate,Defence capability and security gaps
Jack O'Donnell,Waterford News & Star,synthetic_demo_author,True,1,0,0,1,0,0,0,0.0,100.0,100.0,0.0,0.0,Multi-actor reported opinion,preserve_neutrality,0.0,low_sample,,Other Neutrality Debate,Referendum and constitutional protection
James Buckley,Carlow Times,synthetic_demo_author,True,1,0,0,0,1,0,0,0.0,100.0,100.0,0.0,0.0,Multi-actor / contested reported opinion,preserve_neutrality,0.0,low_sample,,Other Neutrality Debate,Defence capability and security gaps
John Mulligan,Roscommon Herald,real_reporter_metadata,False,1,0,0,0,1,0,0,0.0,100.0,100.0,0.0,0.0,Multi-actor / contested reported opinion,mixed_or_unclear,0.0,low_sample,,Ukraine / Russia / Moral Responsibility,Ukraine war and moral neutrality
Kate Molloy,The Medical Independent,synthetic_demo_author,True,1,0,0,0,1,0,0,0.0,100.0,100.0,0.0,0.0,Multi-actor / contested reported opinion,mixed_or_unclear,0.0,low_sample,,Ukraine / Russia / Moral Responsibility,Ukraine war and moral neutrality
Kate Molloy,Tullamore Tribune,synthetic_demo_author,True,1,0,0,0,1,0,0,0.0,100.0,100.0,0.0,0.0,Multi-actor / contested reported opinion,preserve_neutrality,0.0,low_sample,,Shannon / US Military / Anti-war,Shannon Airport and US military use
Kevin O'Brien,Galway Advertiser,synthetic_demo_author,True,1,0,0,0,1,0,0,0.0,100.0,100.0,0.0,0.0,Multi-actor / contested reported opinion,move_away_or_align,0.0,low_sample,,Ukraine / Russia / Moral Responsibility,Ukraine war and moral neutrality
Kevin O'Brien,Offaly Express,synthetic_demo_author,True,1,0,0,1,0,0,0,0.0,100.0,100.0,0.0,0.0,Multi-actor reported opinion,preserve_neutrality,0.0,low_sample,,Other Neutrality Debate,Referendum and constitutional protection
Kevin O'Brien,The Mail on Sunday (Ireland),synthetic_demo_author,True,1,0,0,0,1,0,0,0.0,100.0,100.0,0.0,0.0,Multi-actor / contested reported opinion,mixed_or_unclear,0.0,low_sample,,Ukraine / Russia / Moral Responsibility,Ukraine war and moral neutrality
Lara Marlowe,The Irish Times,real_reporter_metadata,False,1,0,0,0,1,0,0,0.0,100.0,100.0,0.0,0.0,Multi-actor / contested reported opinion,mixed_or_unclear,0.0,low_sample,,Ukraine / Russia / Moral Responsibility,Ukraine war and moral neutrality
Laura Hayes,Dundalk Democrat,synthetic_demo_author,True,1,0,0,1,0,0,0,0.0,100.0,100.0,0.0,0.0,Multi-actor reported opinion,preserve_neutrality,0.0,low_sample,,Other Neutrality Debate,Referendum and constitutional protection
Laura Hayes,RTE,synthetic_demo_author,True,1,0,0,1,0,0,0,0.0,100.0,100.0,0.0,0.0,Multi-actor reported opinion,mixed_or_unclear,0.0,low_sample,,Other Neutrality Debate,Shannon Airport and US military use #2
Laura Hayes,RTE News,synthetic_demo_author,True,1,0,0,0,1,0,0,0.0,100.0,100.0,0.0,0.0,Multi-actor / contested reported opinion,preserve_neutrality,0.0,low_sample,,Peacekeeping / Identity / Tradition,Ukraine war and moral neutrality
Laura Hayes,The Clare Champion,synthetic_demo_author,True,1,0,0,0,1,0,0,0.0,100.0,100.0,0.0,0.0,Multi-actor / contested reported opinion,preserve_neutrality,0.0,low_sample,,Triple Lock / UN Mandate,Triple Lock and UN mandate debate
Laura Hayes,The Munster Express,synthetic_demo_author,True,1,0,0,0,1,0,0,0.0,100.0,100.0,0.0,0.0,Multi-actor / contested reported opinion,preserve_neutrality,0.0,low_sample,,Triple Lock / UN Mandate,Triple Lock and UN mandate debate
Laura Hayes,The Western People,synthetic_demo_author,True,1,0,0,1,0,0,0,0.0,100.0,100.0,0.0,0.0,Multi-actor reported opinion,preserve_neutrality,0.0,low_sample,,Triple Lock / UN Mandate,Triple Lock and UN mandate debate
Liam Clarke,Donegal Daily,synthetic_demo_author,True,1,0,0,0,1,0,0,0.0,100.0,100.0,0.0,0.0,Multi-actor / contested reported opinion,preserve_neutrality,0.0,low_sample,,Public Consent / Referendum,Referendum and constitutional protection
Liam Clarke,Kilkenny People,synthetic_demo_author,True,1,0,0,0,1,0,0,0.0,100.0,100.0,0.0,0.0,Multi-actor / contested reported opinion,preserve_neutrality,0.0,low_sample,,Other Neutrality Debate,Shannon Airport and US military use #2
Liam Clarke,The Inish Times,synthetic_demo_author,True,1,0,0,0,1,0,0,0.0,100.0,100.0,0.0,0.0,Multi-actor / contested reported opinion,preserve_neutrality,0.0,low_sample,,Shannon / US Military / Anti-war,Shannon Airport and US military use
Liam Clarke,The Western People,synthetic_demo_author,True,1,0,0,1,0,0,0,0.0,100.0,100.0,0.0,0.0,Multi-actor reported opinion,preserve_neutrality,0.0,low_sample,,Other Neutrality Debate,Referendum and constitutional protection
Liam Clarke,The Westmeath Examiner,synthetic_demo_author,True,1,0,0,0,1,0,0,0.0,100.0,100.0,0.0,0.0,Multi-actor / contested reported opinion,mixed_or_unclear,0.0,low_sample,,Ukraine / Russia / Moral Responsibility,Ukraine war and moral neutrality
Liam Clarke,Trinity News,synthetic_demo_author,True,1,0,0,0,1,0,0,0.0,100.0,100.0,0.0,0.0,Multi-actor / contested reported opinion,mixed_or_unclear,0.0,low_sample,,Budget / Fiscal / Public Finances,Defence capability and security gaps
Lisa Power,Connaught Telegraph,synthetic_demo_author,True,1,0,0,0,1,0,0,0.0,100.0,100.0,0.0,0.0,Multi-actor / contested reported opinion,move_away_or_align,0.0,low_sample,,Defence Capability / Underinvestment,Defence capability and security gaps
Lisa Power,Laois Today,synthetic_demo_author,True,1,0,0,0,1,0,0,0.0,100.0,100.0,0.0,0.0,Multi-actor / contested reported opinion,mixed_or_unclear,0.0,low_sample,,Peacekeeping / Identity / Tradition,Sinn Féin and government neutrality clash
Lisa Power,Leinster Leader,synthetic_demo_author,True,1,0,0,0,1,0,0,0.0,100.0,100.0,0.0,0.0,Multi-actor / contested reported opinion,preserve_neutrality,0.0,low_sample,,Other Neutrality Debate,Defence capability and security gaps
Lisa Power,Leitrim Observer,synthetic_demo_author,True,1,0,0,1,0,0,0,0.0,100.0,100.0,0.0,0.0,Multi-actor reported opinion,preserve_neutrality,0.0,low_sample,,Other Neutrality Debate,Referendum and constitutional protection
Lisa Power,Offaly Express,synthetic_demo_author,True,1,0,0,0,1,0,0,0.0,100.0,100.0,0.0,0.0,Multi-actor / contested reported opinion,preserve_neutrality,0.0,low_sample,,Shannon / US Military / Anti-war,Shannon Airport and US military use #2
Lisa Power,The Irish Times,synthetic_demo_author,True,1,0,0,0,1,0,0,0.0,100.0,100.0,0.0,0.0,Multi-actor / contested reported opinion,move_away_or_align,0.0,low_sample,,Ukraine / Russia / Moral Responsibility,Ukraine war and moral neutrality
Lisa Power,The Nationalist (Tipperary),synthetic_demo_author,True,1,0,0,0,1,0,0,0.0,100.0,100.0,0.0,0.0,Multi-actor / contested reported opinion,preserve_neutrality,0.0,low_sample,,Shannon / US Military / Anti-war,Shannon Airport and US military use
Maeve Kelly,Laois Today,synthetic_demo_author,True,1,0,0,0,1,0,0,0.0,100.0,100.0,0.0,0.0,Multi-actor / contested reported opinion,move_away_or_align,0.0,low_sample,,Other Neutrality Debate,General neutrality debate #2
Maeve Kelly,The Anglo Celt,synthetic_demo_author,True,1,0,0,0,1,0,0,0.0,100.0,100.0,0.0,0.0,Multi-actor / contested reported opinion,mixed_or_unclear,0.0,low_sample,,Other Neutrality Debate,Defence capability and security gaps
Maeve Kelly,The Belfast Telegraph,synthetic_demo_author,True,1,0,0,0,1,0,0,0.0,100.0,100.0,0.0,0.0,Multi-actor / contested reported opinion,mixed_or_unclear,0.0,low_sample,,Other Neutrality Debate,Sinn Féin and government neutrality clash
Maeve Kelly,The Inish Times,synthetic_demo_author,True,1,0,0,0,1,0,0,0.0,100.0,100.0,0.0,0.0,Multi-actor / contested reported opinion,preserve_neutrality,0.0,low_sample,,Other Neutrality Debate,Defence capability and security gaps
Maeve Kelly,The Nationalist (Tipperary),synthetic_demo_author,True,1,0,0,1,0,0,0,0.0,100.0,100.0,0.0,0.0,Multi-actor reported opinion,preserve_neutrality,0.0,low_sample,,Other Neutrality Debate,Referendum and constitutional protection
Maeve Kelly,Waterford News & Star,synthetic_demo_author,True,1,0,0,0,1,0,0,0.0,100.0,100.0,0.0,0.0,Multi-actor / contested reported opinion,move_away_or_align,0.0,low_sample,,Defence Capability / Underinvestment,Defence capability and security gaps
Mark Duffy,Carlow Nationalist,synthetic_demo_author,True,1,0,0,1,0,0,0,0.0,100.0,100.0,0.0,0.0,Multi-actor reported opinion,preserve_neutrality,0.0,low_sample,,Triple Lock / UN Mandate,Triple Lock and UN mandate debate
Mark Duffy,Cork Live,synthetic_demo_author,True,1,0,0,0,1,0,0,0.0,100.0,100.0,0.0,0.0,Multi-actor / contested reported opinion,preserve_neutrality,0.0,low_sample,,Other Neutrality Debate,Defence capability and security gaps
Mark Duffy,Echo Live,synthetic_demo_author,True,1,0,0,0,1,0,0,0.0,100.0,100.0,0.0,0.0,Multi-actor / contested reported opinion,preserve_neutrality,0.0,low_sample,,Other Neutrality Debate,Defence capability and security gaps
Mark Duffy,The Irish Farmers Journal,synthetic_demo_author,True,1,0,0,0,1,0,0,0.0,100.0,100.0,0.0,0.0,Multi-actor / contested reported opinion,mixed_or_unclear,0.0,low_sample,,Budget / Fiscal / Public Finances,Ukraine war and moral neutrality
Mark Duffy,The Irish Times,synthetic_demo_author,True,1,0,0,0,1,0,0,0.0,100.0,100.0,0.0,0.0,Multi-actor / contested reported opinion,preserve_neutrality,0.0,low_sample,,Peacekeeping / Identity / Tradition,Ukraine war and moral neutrality
Mark Duffy,The Western People,synthetic_demo_author,True,1,0,0,0,1,0,0,0.0,100.0,100.0,0.0,0.0,Multi-actor / contested reported opinion,preserve_neutrality,0.0,low_sample,,Ukraine / Russia / Moral Responsibility,General neutrality debate #2
Mark Duffy,The Westmeath Examiner,synthetic_demo_author,True,1,0,0,1,0,0,0,0.0,100.0,100.0,0.0,0.0,Multi-actor reported opinion,preserve_neutrality,0.0,low_sample,,Triple Lock / UN Mandate,Triple Lock and UN mandate debate
Mark Paul,The Irish Times,real_reporter_metadata,False,1,0,0,0,1,0,0,0.0,100.0,100.0,0.0,0.0,Multi-actor / contested reported opinion,mixed_or_unclear,0.0,low_sample,,Ukraine / Russia / Moral Responsibility,Ukraine war and moral neutrality
Martin Casey,Carlow Live,synthetic_demo_author,True,1,0,0,1,0,0,0,0.0,100.0,100.0,0.0,0.0,Multi-actor reported opinion,preserve_neutrality,0.0,low_sample,,Other Neutrality Debate,Referendum and constitutional protection
Martin Casey,Carlow Nationalist,synthetic_demo_author,True,1,0,0,0,1,0,0,0.0,100.0,100.0,0.0,0.0,Multi-actor / contested reported opinion,mixed_or_unclear,0.0,low_sample,,Ukraine / Russia / Moral Responsibility,Sinn Féin and government neutrality clash — Ukraine/political angle
Martin Casey,Kildare Now,synthetic_demo_author,True,1,0,0,1,0,0,0,0.0,100.0,100.0,0.0,0.0,Multi-actor reported opinion,preserve_neutrality,0.0,low_sample,,Other Neutrality Debate,Referendum and constitutional protection
Megan Daly,98FM,synthetic_demo_author,True,1,0,0,1,0,0,0,0.0,100.0,100.0,0.0,0.0,Multi-actor reported opinion,move_away_or_align,0.0,low_sample,,Other Neutrality Debate,Sinn Féin and government neutrality clash
Megan Daly,Cork Live,synthetic_demo_author,True,1,0,0,0,1,0,0,0.0,100.0,100.0,0.0,0.0,Multi-actor / contested reported opinion,move_away_or_align,0.0,low_sample,,Defence Capability / Underinvestment,General neutrality debate
Megan Daly,Image Magazine,synthetic_demo_author,True,1,0,0,0,1,0,0,0.0,100.0,100.0,0.0,0.0,Multi-actor / contested reported opinion,preserve_neutrality,0.0,low_sample,,Other Neutrality Debate,Referendum and constitutional protection
Megan Daly,Newstalk,synthetic_demo_author,True,1,0,0,0,1,0,0,0.0,100.0,100.0,0.0,0.0,Multi-actor / contested reported opinion,mixed_or_unclear,0.0,low_sample,,Other Neutrality Debate,General neutrality debate #2
Megan Daly,The Donegal News,synthetic_demo_author,True,1,0,0,0,1,0,0,0.0,100.0,100.0,0.0,0.0,Multi-actor / contested reported opinion,preserve_neutrality,0.0,low_sample,,Other Neutrality Debate,Referendum and constitutional protection
Megan Daly,The Westmeath Examiner,synthetic_demo_author,True,1,0,0,0,1,0,0,0.0,100.0,100.0,0.0,0.0,Multi-actor / contested reported opinion,move_away_or_align,0.0,low_sample,,Defence Capability / Underinvestment,Defence capability and security gaps
Michael O'Connor,Carlow Nationalist,synthetic_demo_author,True,1,0,0,1,0,0,0,0.0,100.0,100.0,0.0,0.0,Multi-actor reported opinion,preserve_neutrality,0.0,low_sample,,Other Neutrality Debate,Referendum and constitutional protection
Michael O'Connor,Clare Live,synthetic_demo_author,True,1,0,0,0,1,0,0,0.0,100.0,100.0,0.0,0.0,Multi-actor / contested reported opinion,move_away_or_align,0.0,low_sample,,Defence Capability / Underinvestment,General neutrality debate
Michael O'Connor,Donegal Live,synthetic_demo_author,True,1,0,0,0,1,0,0,0.0,100.0,100.0,0.0,0.0,Multi-actor / contested reported opinion,preserve_neutrality,0.0,low_sample,,Other Neutrality Debate,Defence capability and security gaps
Michael O'Connor,Dublin InQuirer,synthetic_demo_author,True,1,0,0,0,1,0,0,0.0,100.0,100.0,0.0,0.0,Multi-actor / contested reported opinion,preserve_neutrality,0.0,low_sample,,Triple Lock / UN Mandate,Triple Lock and UN mandate debate
Michael O'Connor,Waterford Live,synthetic_demo_author,True,1,0,0,0,1,0,0,0.0,100.0,100.0,0.0,0.0,Multi-actor / contested reported opinion,preserve_neutrality,0.0,low_sample,,Other Neutrality Debate,Defence capability and security gaps
Niamh Walsh,Echo Live,synthetic_demo_author,True,1,0,0,0,1,0,0,0.0,100.0,100.0,0.0,0.0,Multi-actor / contested reported opinion,move_away_or_align,0.0,low_sample,,Defence Capability / Underinvestment,General neutrality debate
Niamh Walsh,Leinster Express,synthetic_demo_author,True,1,0,0,1,0,0,0,0.0,100.0,100.0,0.0,0.0,Multi-actor reported opinion,preserve_neutrality,0.0,low_sample,,Other Neutrality Debate,Referendum and constitutional protection
Orla Gallagher,Carlow Times,synthetic_demo_author,True,1,0,0,1,0,0,0,0.0,100.0,100.0,0.0,0.0,Multi-actor reported opinion,preserve_neutrality,0.0,low_sample,,Shannon / US Military / Anti-war,Shannon Airport and US military use
Orla Gallagher,Connaught Telegraph,synthetic_demo_author,True,1,0,0,1,0,0,0,0.0,100.0,100.0,0.0,0.0,Multi-actor reported opinion,preserve_neutrality,0.0,low_sample,,Triple Lock / UN Mandate,Triple Lock and UN mandate debate
Patrick Nolan,Echo Live,synthetic_demo_author,True,1,0,0,0,1,0,0,0.0,100.0,100.0,0.0,0.0,Multi-actor / contested reported opinion,mixed_or_unclear,0.0,low_sample,,Ukraine / Russia / Moral Responsibility,Sinn Féin and government neutrality clash — Ukraine/political angle
Patrick Nolan,Roscommon Herald,synthetic_demo_author,True,1,0,0,0,1,0,0,0.0,100.0,100.0,0.0,0.0,Multi-actor / contested reported opinion,mixed_or_unclear,0.0,low_sample,,Ukraine / Russia / Moral Responsibility,Sinn Féin and government neutrality clash — Ukraine/political angle
Paul Kavanagh,Dublin People,synthetic_demo_author,True,1,0,0,0,1,0,0,0.0,100.0,100.0,0.0,0.0,Multi-actor / contested reported opinion,mixed_or_unclear,0.0,low_sample,,Budget / Fiscal / Public Finances,Sinn Féin and government neutrality clash — Ukraine/political angle
Paul Kavanagh,Galway Bay FM,synthetic_demo_author,True,1,0,0,0,1,0,0,0.0,100.0,100.0,0.0,0.0,Multi-actor / contested reported opinion,preserve_neutrality,0.0,low_sample,,Peacekeeping / Identity / Tradition,Triple Lock and UN mandate debate
Paul Kavanagh,Limerick Today,synthetic_demo_author,True,1,0,0,1,0,0,0,0.0,100.0,100.0,0.0,0.0,Multi-actor reported opinion,preserve_neutrality,0.0,low_sample,,Triple Lock / UN Mandate,Ukraine war and moral neutrality
Paul Kavanagh,Shannonside FM,synthetic_demo_author,True,1,0,0,1,0,0,0,0.0,100.0,100.0,0.0,0.0,Multi-actor reported opinion,mixed_or_unclear,0.0,low_sample,,Other Neutrality Debate,Sinn Féin and government neutrality clash
Paul Kavanagh,The Limerick Leader,synthetic_demo_author,True,1,0,0,0,1,0,0,0.0,100.0,100.0,0.0,0.0,Multi-actor / contested reported opinion,move_away_or_align,0.0,low_sample,,Defence Capability / Underinvestment,General neutrality debate
Paul Kavanagh,Waterford Live,synthetic_demo_author,True,1,0,0,0,1,0,0,0.0,100.0,100.0,0.0,0.0,Multi-actor / contested reported opinion,preserve_neutrality,0.0,low_sample,,Shannon / US Military / Anti-war,Shannon Airport and US military use
Rachel Moore,Irish Star,synthetic_demo_author,True,1,0,0,0,1,0,0,0.0,100.0,100.0,0.0,0.0,Multi-actor / contested reported opinion,mixed_or_unclear,0.0,low_sample,,Ukraine / Russia / Moral Responsibility,Ukraine war and moral neutrality
Rachel Moore,Leitrim Observer,synthetic_demo_author,True,1,0,0,1,0,0,0,0.0,100.0,100.0,0.0,0.0,Multi-actor reported opinion,preserve_neutrality,0.0,low_sample,,Shannon / US Military / Anti-war,Shannon Airport and US military use
Rachel Moore,Waterford News & Star,synthetic_demo_author,True,1,0,0,0,1,0,0,0.0,100.0,100.0,0.0,0.0,Multi-actor / contested reported opinion,mixed_or_unclear,0.0,low_sample,,Ukraine / Russia / Moral Responsibility,Defence capability and security gaps
Rebecca Flynn,Carlow Nationalist,synthetic_demo_author,True,1,0,0,0,1,0,0,0.0,100.0,100.0,0.0,0.0,Multi-actor / contested reported opinion,move_away_or_align,0.0,low_sample,,Defence Capability / Underinvestment,Defence capability and security gaps
Rebecca Flynn,Kildare Nationalist,synthetic_demo_author,True,1,0,0,1,0,0,0,0.0,100.0,100.0,0.0,0.0,Multi-actor reported opinion,preserve_neutrality,0.0,low_sample,,Triple Lock / UN Mandate,Triple Lock and UN mandate debate
Rebecca Flynn,The Western People,synthetic_demo_author,True,1,0,0,0,1,0,0,0.0,100.0,100.0,0.0,0.0,Multi-actor / contested reported opinion,move_away_or_align,0.0,low_sample,,Ukraine / Russia / Moral Responsibility,Ukraine war and moral neutrality
Rebecca Flynn,The Westmeath Independent,synthetic_demo_author,True,1,0,0,0,1,0,0,0.0,100.0,100.0,0.0,0.0,Multi-actor / contested reported opinion,mixed_or_unclear,0.0,low_sample,,Other Neutrality Debate,Defence capability and security gaps
Roisin Farrell,Longford Leader,synthetic_demo_author,True,1,0,0,0,1,0,0,0.0,100.0,100.0,0.0,0.0,Multi-actor / contested reported opinion,preserve_neutrality,0.0,low_sample,,Other Neutrality Debate,Defence capability and security gaps
Roisin Farrell,The Irish Times,synthetic_demo_author,True,1,0,0,1,0,0,0,0.0,100.0,100.0,0.0,0.0,Multi-actor reported opinion,preserve_neutrality,0.0,low_sample,,Shannon / US Military / Anti-war,Shannon Airport and US military use
Roisin Farrell,Tipperary Live,synthetic_demo_author,True,1,0,0,1,0,0,0,0.0,100.0,100.0,0.0,0.0,Multi-actor reported opinion,preserve_neutrality,0.0,low_sample,,Other Neutrality Debate,Referendum and constitutional protection
Ronan Doyle,Dundalk Democrat,synthetic_demo_author,True,1,0,0,1,0,0,0,0.0,100.0,100.0,0.0,0.0,Multi-actor reported opinion,preserve_neutrality,0.0,low_sample,,Shannon / US Military / Anti-war,Shannon Airport and US military use
Ronan Doyle,Ireland Live,synthetic_demo_author,True,1,0,0,0,1,0,0,0.0,100.0,100.0,0.0,0.0,Multi-actor / contested reported opinion,move_away_or_align,0.0,low_sample,,Defence Capability / Underinvestment,General neutrality debate
Ronan Doyle,Irish Star,synthetic_demo_author,True,1,0,0,1,0,0,0,0.0,100.0,100.0,0.0,0.0,Multi-actor reported opinion,preserve_neutrality,0.0,low_sample,,Shannon / US Military / Anti-war,Ukraine war and moral neutrality
Sarah Byrne,Laois Nationalist,synthetic_demo_author,True,1,0,0,1,0,0,0,0.0,100.0,100.0,0.0,0.0,Multi-actor reported opinion,preserve_neutrality,0.0,low_sample,,Other Neutrality Debate,Referendum and constitutional protection
Sarah Byrne,RTE,synthetic_demo_author,True,1,0,0,0,1,0,0,0.0,100.0,100.0,0.0,0.0,Multi-actor / contested reported opinion,mixed_or_unclear,0.0,low_sample,,NATO / EU Security Alignment,Defence capability and security gaps
Sarah Byrne,The Limerick Post,synthetic_demo_author,True,1,0,0,1,0,0,0,0.0,100.0,100.0,0.0,0.0,Multi-actor reported opinion,preserve_neutrality,0.0,low_sample,,Triple Lock / UN Mandate,Triple Lock and UN mandate debate
Sarah Byrne,The Meath Chronicle,synthetic_demo_author,True,1,0,0,0,1,0,0,0.0,100.0,100.0,0.0,0.0,Multi-actor / contested reported opinion,move_away_or_align,0.0,low_sample,,Defence Capability / Underinvestment,Defence capability and security gaps
Sarah Byrne,The University Times,synthetic_demo_author,True,1,0,0,1,0,0,0,0.0,100.0,100.0,0.0,0.0,Multi-actor reported opinion,reform_redefine,0.0,low_sample,,Other Neutrality Debate,Ukraine war and moral neutrality
Sarah Byrne,Waterford Live,synthetic_demo_author,True,1,0,0,1,0,0,0,0.0,100.0,100.0,0.0,0.0,Multi-actor reported opinion,preserve_neutrality,0.0,low_sample,,Other Neutrality Debate,Referendum and constitutional protection
Sean O'Sullivan,Dublin Live,synthetic_demo_author,True,1,0,0,0,1,0,0,0.0,100.0,100.0,0.0,0.0,Multi-actor / contested reported opinion,preserve_neutrality,0.0,low_sample,,Triple Lock / UN Mandate,Triple Lock and UN mandate debate
Sean O'Sullivan,The Ditch,synthetic_demo_author,True,1,0,0,0,1,0,0,0.0,100.0,100.0,0.0,0.0,Multi-actor / contested reported opinion,move_away_or_align,0.0,low_sample,,Ukraine / Russia / Moral Responsibility,Ukraine war and moral neutrality
Sean O'Sullivan,Waterford Live,synthetic_demo_author,True,1,0,0,0,1,0,0,0.0,100.0,100.0,0.0,0.0,Multi-actor / contested reported opinion,preserve_neutrality,0.0,low_sample,,Triple Lock / UN Mandate,Triple Lock and UN mandate debate
Sophie Barrett,Leitrim Observer,synthetic_demo_author,True,1,0,0,0,1,0,0,0.0,100.0,100.0,0.0,0.0,Multi-actor / contested reported opinion,preserve_neutrality,0.0,low_sample,,Peacekeeping / Identity / Tradition,Triple Lock and UN mandate debate
Sophie Barrett,Offaly Express,synthetic_demo_author,True,1,0,0,0,1,0,0,0.0,100.0,100.0,0.0,0.0,Multi-actor / contested reported opinion,move_away_or_align,0.0,low_sample,,Defence Capability / Underinvestment,General neutrality debate
Sophie Barrett,The Meath Chronicle,synthetic_demo_author,True,1,0,0,1,0,0,0,0.0,100.0,100.0,0.0,0.0,Multi-actor reported opinion,preserve_neutrality,0.0,low_sample,,Triple Lock / UN Mandate,Triple Lock and UN mandate debate
Sophie Barrett,Trinity News,synthetic_demo_author,True,1,0,0,0,1,0,0,0.0,100.0,100.0,0.0,0.0,Multi-actor / contested reported opinion,preserve_neutrality,0.0,low_sample,,Peacekeeping / Identity / Tradition,Ukraine war and moral neutrality
Stephen Reilly,Dublin Live,synthetic_demo_author,True,1,0,0,0,1,0,0,0.0,100.0,100.0,0.0,0.0,Multi-actor / contested reported opinion,preserve_neutrality,0.0,low_sample,,Ukraine / Russia / Moral Responsibility,Defence capability and security gaps
Stephen Reilly,Kildare Now,synthetic_demo_author,True,1,0,0,0,1,0,0,0.0,100.0,100.0,0.0,0.0,Multi-actor / contested reported opinion,preserve_neutrality,0.0,low_sample,,Shannon / US Military / Anti-war,Shannon Airport and US military use
Stephen Reilly,Laois Nationalist,synthetic_demo_author,True,1,0,0,0,1,0,0,0.0,100.0,100.0,0.0,0.0,Multi-actor / contested reported opinion,mixed_or_unclear,0.0,low_sample,,Ukraine / Russia / Moral Responsibility,Sinn Féin and government neutrality clash — Ukraine/political angle
Stephen Reilly,RTE,synthetic_demo_author,True,1,0,0,0,1,0,0,0.0,100.0,100.0,0.0,0.0,Multi-actor / contested reported opinion,preserve_neutrality,0.0,low_sample,,Shannon / US Military / Anti-war,Shannon Airport and US military use — international angle
Stephen Reilly,The Irish Independent,synthetic_demo_author,True,1,0,0,1,0,0,0,0.0,100.0,100.0,0.0,0.0,Multi-actor reported opinion,move_away_or_align,0.0,low_sample,,Other Neutrality Debate,Triple Lock and UN mandate debate
Stephen Reilly,The Limerick Leader,synthetic_demo_author,True,1,0,0,1,0,0,0,0.0,100.0,100.0,0.0,0.0,Multi-actor reported opinion,preserve_neutrality,0.0,low_sample,,Other Neutrality Debate,Referendum and constitutional protection
Stephen Reilly,Trinity News,synthetic_demo_author,True,1,0,0,1,0,0,0,0.0,100.0,100.0,0.0,0.0,Multi-actor reported opinion,move_away_or_align,0.0,low_sample,,Ukraine / Russia / Moral Responsibility,Ukraine war and moral neutrality
Tom Keane,Offaly Express,synthetic_demo_author,True,1,0,0,0,1,0,0,0.0,100.0,100.0,0.0,0.0,Multi-actor / contested reported opinion,preserve_neutrality,0.0,low_sample,,Other Neutrality Debate,Defence capability and security gaps
Tom Keane,The Belfast Telegraph,synthetic_demo_author,True,1,0,0,1,0,0,0,0.0,100.0,100.0,0.0,0.0,Multi-actor reported opinion,preserve_neutrality,0.0,low_sample,,Other Neutrality Debate,Referendum and constitutional protection
Tom Keane,Tipperary Live,synthetic_demo_author,True,1,0,0,0,1,0,0,0.0,100.0,100.0,0.0,0.0,Multi-actor / contested reported opinion,preserve_neutrality,0.0,low_sample,,Shannon / US Military / Anti-war,Shannon Airport and US military use
Aisling Kennedy,Liveline,synthetic_demo_author,True,1,0,1,0,0,0,0,0.0,100.0,0.0,0.0,0.0,Single-actor reported opinion,preserve_neutrality,0.0,low_sample,Ukraine,Other Neutrality Debate,Ukraine war and moral neutrality
Aisling Kennedy,The Irish Times,synthetic_demo_author,True,1,0,1,0,0,0,0,0.0,100.0,0.0,0.0,0.0,Single-actor reported opinion,preserve_neutrality,0.0,low_sample,Micheál Martin,Shannon / US Military / Anti-war,Defence capability and security gaps
Brian Connolly,Radio Kerry,synthetic_demo_author,True,1,0,1,0,0,0,0,0.0,100.0,0.0,0.0,0.0,Single-actor reported opinion,preserve_neutrality,0.0,low_sample,Micheál Martin,Other Neutrality Debate,Ukraine war and moral neutrality
Cian O'Neill,Cork's RedFM,synthetic_demo_author,True,1,0,1,0,0,0,0,0.0,100.0,0.0,0.0,0.0,Single-actor reported opinion,preserve_neutrality,0.0,low_sample,Micheál Martin,Other Neutrality Debate,Ukraine war and moral neutrality
Clare Walsh,TheJournal.ie,synthetic_demo_author,True,1,0,1,0,0,0,0,0.0,100.0,0.0,0.0,0.0,Single-actor reported opinion,preserve_neutrality,0.0,low_sample,Lelia Doolan,Shannon / US Military / Anti-war,Shannon Airport and US military use
Daniel Hughes,Extra.ie,synthetic_demo_author,True,1,0,1,0,0,0,0,0.0,100.0,0.0,0.0,0.0,Single-actor reported opinion,preserve_neutrality,0.0,low_sample,Simon Harris,Shannon / US Military / Anti-war,Shannon Airport and US military use
Daniel Hughes,Ireland Live,synthetic_demo_author,True,1,0,1,0,0,0,0,0.0,100.0,0.0,0.0,0.0,Single-actor reported opinion,mixed_or_unclear,0.0,low_sample,Government,Other Neutrality Debate,Referendum and constitutional protection
David Sheehan,NewsTalk Breakfast,synthetic_demo_author,True,1,0,1,0,0,0,0,0.0,100.0,0.0,0.0,0.0,Single-actor reported opinion,preserve_neutrality,0.0,low_sample,Micheál Martin,Other Neutrality Debate,Sinn Féin and government neutrality clash
David Sheehan,The Limerick Post,synthetic_demo_author,True,1,0,1,0,0,0,0,0.0,100.0,0.0,0.0,0.0,Single-actor reported opinion,preserve_neutrality,0.0,low_sample,Government,Other Neutrality Debate,General neutrality debate #2
Dymphna Nugent,WLR FM,real_reporter_metadata,False,1,0,1,0,0,0,0,0.0,100.0,0.0,0.0,0.0,Single-actor reported opinion,mixed_or_unclear,0.0,low_sample,,Ukraine / Russia / Moral Responsibility,Ukraine war and moral neutrality
Fiona Murray,South East Radio,synthetic_demo_author,True,1,0,1,0,0,0,0,0.0,100.0,0.0,0.0,0.0,Single-actor reported opinion,preserve_neutrality,0.0,low_sample,Cabinet,Other Neutrality Debate,Triple Lock and UN mandate debate
Fiona Murray,The Donegal News,synthetic_demo_author,True,1,0,1,0,0,0,0,0.0,100.0,0.0,0.0,0.0,Single-actor reported opinion,preserve_neutrality,0.0,low_sample,Fianna Fáil,Other Neutrality Debate,Defence capability and security gaps
Fiona Murray,TheJournal.ie,synthetic_demo_author,True,1,0,1,0,0,0,0,0.0,100.0,0.0,0.0,0.0,Single-actor reported opinion,mixed_or_unclear,0.0,low_sample,Sinn Féin,Other Neutrality Debate,Sinn Féin and government neutrality clash — Ukraine/political angle
Grace Collins,RTE,synthetic_demo_author,True,1,0,1,0,0,0,0,0.0,100.0,0.0,0.0,0.0,Single-actor reported opinion,preserve_neutrality,0.0,low_sample,Lelia Doolan,Shannon / US Military / Anti-war,Shannon Airport and US military use
Grace Collins,The Irish Examiner,synthetic_demo_author,True,1,0,1,0,0,0,0,0.0,100.0,0.0,0.0,0.0,Single-actor reported opinion,mixed_or_unclear,0.0,low_sample,,Ukraine / Russia / Moral Responsibility,General neutrality debate #2
Jack O'Donnell,The Irish Independent,synthetic_demo_author,True,1,0,1,0,0,0,0,0.0,100.0,0.0,0.0,0.0,Single-actor reported opinion,reform_redefine,0.0,low_sample,Government,Ukraine / Russia / Moral Responsibility,Ukraine war and moral neutrality
Jack O'Donnell,The Western People,synthetic_demo_author,True,1,0,1,0,0,0,0,0.0,100.0,0.0,0.0,0.0,Single-actor reported opinion,move_away_or_align,0.0,low_sample,,Ukraine / Russia / Moral Responsibility,General neutrality debate #2
Kate Molloy,Cork's 96 FM,synthetic_demo_author,True,1,0,1,0,0,0,0,0.0,100.0,0.0,0.0,0.0,Single-actor reported opinion,mixed_or_unclear,0.0,low_sample,Micheál Martin,Other Neutrality Debate,Sinn Féin and government neutrality clash
Liam Clarke,Laois Today,synthetic_demo_author,True,1,0,1,0,0,0,0,0.0,100.0,0.0,0.0,0.0,Single-actor reported opinion,mixed_or_unclear,0.0,low_sample,,Peacekeeping / Identity / Tradition,General neutrality debate #2
Maeve Kelly,The Irish Examiner,synthetic_demo_author,True,1,0,1,0,0,0,0,0.0,100.0,0.0,0.0,0.0,Single-actor reported opinion,reform_redefine,0.0,low_sample,,Ukraine / Russia / Moral Responsibility,Ukraine war and moral neutrality
Mark Duffy,Dundalk FM,synthetic_demo_author,True,1,0,1,0,0,0,0,0.0,100.0,0.0,0.0,0.0,Single-actor reported opinion,mixed_or_unclear,0.0,low_sample,reported_actor_unclear,Ukraine / Russia / Moral Responsibility,Ukraine war and moral neutrality
Mark Duffy,Hard Shoulder,synthetic_demo_author,True,1,0,1,0,0,0,0,0.0,100.0,0.0,0.0,0.0,Single-actor reported opinion,mixed_or_unclear,0.0,low_sample,Israel,Ukraine / Russia / Moral Responsibility,General neutrality debate #2
Mark Duffy,Kilkenny People,synthetic_demo_author,True,1,0,1,0,0,0,0,0.0,100.0,0.0,0.0,0.0,Single-actor reported opinion,preserve_neutrality,0.0,low_sample,Sinn Féin,Peacekeeping / Identity / Tradition,Ukraine war and moral neutrality
Mark Duffy,Laois People,synthetic_demo_author,True,1,0,1,0,0,0,0,0.0,100.0,0.0,0.0,0.0,Single-actor reported opinion,preserve_neutrality,0.0,low_sample,Lelia Doolan,Shannon / US Military / Anti-war,Shannon Airport and US military use
Martin Casey,The Clare Champion,synthetic_demo_author,True,1,0,1,0,0,0,0,0.0,100.0,0.0,0.0,0.0,Single-actor reported opinion,preserve_neutrality,0.0,low_sample,Micheál Martin,Shannon / US Military / Anti-war,Shannon Airport and US military use
Megan Daly,Sunday Independent (Ireland),synthetic_demo_author,True,1,0,1,0,0,0,0,0.0,100.0,0.0,0.0,0.0,Single-actor reported opinion,move_away_or_align,0.0,low_sample,NATO,Ukraine / Russia / Moral Responsibility,Ukraine war and moral neutrality
Michael O'Connor,Galway Bay FM,synthetic_demo_author,True,1,0,1,0,0,0,0,0.0,100.0,0.0,0.0,0.0,Single-actor reported opinion,move_away_or_align,0.0,low_sample,Micheál Martin,Other Neutrality Debate,Sinn Féin and government neutrality clash
Michael O'Connor,Sunday Independent (Ireland),synthetic_demo_author,True,1,0,1,0,0,0,0,0.0,100.0,0.0,0.0,0.0,Single-actor reported opinion,preserve_neutrality,0.0,low_sample,Government,Other Neutrality Debate,Ukraine war and moral neutrality
Patrick Nolan,9 Till Noon Show,synthetic_demo_author,True,1,0,1,0,0,0,0,0.0,100.0,0.0,0.0,0.0,Single-actor reported opinion,preserve_neutrality,0.0,low_sample,Helen McEntee,Peacekeeping / Identity / Tradition,Triple Lock and UN mandate debate
Paul Kavanagh,KFM Radio,synthetic_demo_author,True,1,0,1,0,0,0,0,0.0,100.0,0.0,0.0,0.0,Single-actor reported opinion,reform_redefine,0.0,low_sample,Helen McEntee,Other Neutrality Debate,Sinn Féin and government neutrality clash
Paul Kavanagh,Midwest Radio,synthetic_demo_author,True,1,0,1,0,0,0,0,0.0,100.0,0.0,0.0,0.0,Single-actor reported opinion,preserve_neutrality,0.0,low_sample,UN Security Council,Other Neutrality Debate,Ukraine war and moral neutrality
Paul Kavanagh,The Sligo Champion,synthetic_demo_author,True,1,0,1,0,0,0,0,0.0,100.0,0.0,0.0,0.0,Single-actor reported opinion,mixed_or_unclear,0.0,low_sample,,Ukraine / Russia / Moral Responsibility,Ukraine war and moral neutrality
Rachel Moore,Drogheda Life,synthetic_demo_author,True,1,0,1,0,0,0,0,0.0,100.0,0.0,0.0,0.0,Single-actor reported opinion,mixed_or_unclear,0.0,low_sample,Government,Other Neutrality Debate,Ukraine war and moral neutrality
Rachel Moore,Tullamore Tribune,synthetic_demo_author,True,1,0,1,0,0,0,0,0.0,100.0,0.0,0.0,0.0,Single-actor reported opinion,preserve_neutrality,0.0,low_sample,Government,Shannon / US Military / Anti-war,Shannon Airport and US military use #2
Rebecca Flynn,Farmview,synthetic_demo_author,True,1,0,1,0,0,0,0,0.0,100.0,0.0,0.0,0.0,Single-actor reported opinion,preserve_neutrality,0.0,low_sample,Fianna Fáil,Other Neutrality Debate,Triple Lock and UN mandate debate
Roisin Farrell,AgendaNi,synthetic_demo_author,True,1,0,1,0,0,0,0,0.0,100.0,0.0,0.0,0.0,Single-actor reported opinion,mixed_or_unclear,0.0,low_sample,,Other Neutrality Debate,Ukraine war and moral neutrality
Roisin Farrell,Today With David McCullagh,synthetic_demo_author,True,1,0,1,0,0,0,0,0.0,100.0,0.0,0.0,0.0,Single-actor reported opinion,preserve_neutrality,0.0,low_sample,reported_actor_unclear,Other Neutrality Debate,Ukraine war and moral neutrality
Roisin Farrell,Town Talk,synthetic_demo_author,True,1,0,1,0,0,0,0,0.0,100.0,0.0,0.0,0.0,Single-actor reported opinion,mixed_or_unclear,0.0,low_sample,Mary Lou McDonald,Other Neutrality Debate,Sinn Féin and government neutrality clash — Ukraine/political angle
Ronan Doyle,Echo Live,synthetic_demo_author,True,1,0,1,0,0,0,0,0.0,100.0,0.0,0.0,0.0,Single-actor reported opinion,mixed_or_unclear,0.0,low_sample,reported_actor_unclear,Ukraine / Russia / Moral Responsibility,General neutrality debate #2
Ronan Doyle,Midlands 103,synthetic_demo_author,True,1,0,1,0,0,0,0,0.0,100.0,0.0,0.0,0.0,Single-actor reported opinion,preserve_neutrality,0.0,low_sample,Mary Lou McDonald,Other Neutrality Debate,Ukraine war and moral neutrality
Ronan Doyle,The Irish Times,synthetic_demo_author,True,1,0,1,0,0,0,0,0.0,100.0,0.0,0.0,0.0,Single-actor reported opinion,mixed_or_unclear,0.0,low_sample,Lelia Doolan,Other Neutrality Debate,Sinn Féin and government neutrality clash
Sean Murray,The Irish Examiner,real_reporter_metadata,False,1,0,1,0,0,0,0,0.0,100.0,0.0,0.0,0.0,Single-actor reported opinion,mixed_or_unclear,0.0,low_sample,,Other Neutrality Debate,Shannon Airport and US military use #2
Sean O'Riordan,The Irish Examiner,real_reporter_metadata,False,1,0,1,0,0,0,0,0.0,100.0,0.0,0.0,0.0,Single-actor reported opinion,preserve_neutrality,0.0,low_sample,Government,Peacekeeping / Identity / Tradition,Triple Lock and UN mandate debate
Sean O'Sullivan,Connacht (Connaught) Tribune,synthetic_demo_author,True,1,0,1,0,0,0,0,0.0,100.0,0.0,0.0,0.0,Single-actor reported opinion,preserve_neutrality,0.0,low_sample,Government,Other Neutrality Debate,Triple Lock and UN mandate debate
Sean O'Sullivan,The Opinion Line,synthetic_demo_author,True,1,0,1,0,0,0,0,0.0,100.0,0.0,0.0,0.0,Single-actor reported opinion,preserve_neutrality,0.0,low_sample,Mary Lou McDonald,Other Neutrality Debate,Triple Lock and UN mandate debate
Sophie Barrett,The Irish Times,synthetic_demo_author,True,1,0,1,0,0,0,0,0.0,100.0,0.0,0.0,0.0,Single-actor reported opinion,mixed_or_unclear,0.0,low_sample,Lelia Doolan,Ukraine / Russia / Moral Responsibility,Shannon Airport and US military use #2
Stephen Reilly,Ocean FM,synthetic_demo_author,True,1,0,1,0,0,0,0,0.0,100.0,0.0,0.0,0.0,Single-actor reported opinion,preserve_neutrality,0.0,low_sample,Sinn Féin,Triple Lock / UN Mandate,Ukraine war and moral neutrality
Tom Keane,Image Magazine,synthetic_demo_author,True,1,0,1,0,0,0,0,0.0,100.0,0.0,0.0,0.0,Single-actor reported opinion,mixed_or_unclear,0.0,low_sample,,Ukraine / Russia / Moral Responsibility,General neutrality debate #2
Tom Keane,Offaly Independent,synthetic_demo_author,True,1,0,1,0,0,0,0,0.0,100.0,0.0,0.0,0.0,Single-actor reported opinion,preserve_neutrality,0.0,low_sample,Government,Shannon / US Military / Anti-war,Shannon Airport and US military use #2
Alan Brady,Liveline,synthetic_demo_author,True,1,0,0,0,0,0,1,0.0,0.0,0.0,0.0,100.0,Unclear attribution,reform_redefine,0.0,low_sample,,Other Neutrality Debate,Ukraine war and moral neutrality
Aoife Brennan,BBC World Service,synthetic_demo_author,True,1,0,0,0,0,1,0,0.0,0.0,0.0,100.0,0.0,Factual / low-opinion reporting,mixed_or_unclear,0.0,low_sample,,Other Neutrality Debate,Ukraine war and moral neutrality
Aoife Brennan,Herfamily.ie,synthetic_demo_author,True,1,0,0,0,0,0,1,0.0,0.0,0.0,0.0,100.0,Unclear attribution,preserve_neutrality,0.0,low_sample,,Peacekeeping / Identity / Tradition,Ukraine war and moral neutrality
Brian Connolly,Town Talk,synthetic_demo_author,True,1,0,0,0,0,0,1,0.0,0.0,0.0,0.0,100.0,Unclear attribution,preserve_neutrality,0.0,low_sample,,Peacekeeping / Identity / Tradition,Sinn Féin and government neutrality clash — Ukraine/political angle
Cian O'Neill,RTE - Radio 1,synthetic_demo_author,True,1,0,0,0,0,1,0,0.0,0.0,0.0,100.0,0.0,Factual / low-opinion reporting,reform_redefine,0.0,low_sample,,NATO / EU Security Alignment,Ukraine war and moral neutrality
Cian O'Neill,Shannonside FM,synthetic_demo_author,True,1,0,0,0,0,1,0,0.0,0.0,0.0,100.0,0.0,Factual / low-opinion reporting,mixed_or_unclear,0.0,low_sample,,Other Neutrality Debate,Ukraine war and moral neutrality
Cian O'Neill,Sunshine 106.8 FM,synthetic_demo_author,True,1,0,0,0,0,1,0,0.0,0.0,0.0,100.0,0.0,Factual / low-opinion reporting,mixed_or_unclear,0.0,low_sample,,Other Neutrality Debate,Ukraine war and moral neutrality
Cian O'Neill,The Westmeath Examiner,synthetic_demo_author,True,1,0,0,0,0,0,1,0.0,0.0,0.0,0.0,100.0,Unclear attribution,move_away_or_align,0.0,low_sample,,Ukraine / Russia / Moral Responsibility,Ukraine war and moral neutrality
Daniel Hughes,Ireland Afloat,synthetic_demo_author,True,1,0,0,0,0,1,0,0.0,0.0,0.0,100.0,0.0,Factual / low-opinion reporting,move_away_or_align,0.0,low_sample,,Defence Capability / Underinvestment,General neutrality debate
David Sheehan,The Westmeath Independent,synthetic_demo_author,True,1,0,0,0,0,0,1,0.0,0.0,0.0,0.0,100.0,Unclear attribution,move_away_or_align,0.0,low_sample,,Ukraine / Russia / Moral Responsibility,Ukraine war and moral neutrality
Emma Fitzgerald,Dundalk Leader,synthetic_demo_author,True,1,0,0,0,0,1,0,0.0,0.0,0.0,100.0,0.0,Factual / low-opinion reporting,mixed_or_unclear,0.0,low_sample,,Ukraine / Russia / Moral Responsibility,Ukraine war and moral neutrality
Eoin Murphy,The Irish Examiner,synthetic_demo_author,True,1,1,0,0,0,0,0,100.0,0.0,0.0,0.0,0.0,Publication-owned opinion,preserve_neutrality,0.0,low_sample,,Peacekeeping / Identity / Tradition,Triple Lock and UN mandate debate
Grace Collins,Dublin InQuirer,synthetic_demo_author,True,1,0,0,0,0,1,0,0.0,0.0,0.0,100.0,0.0,Factual / low-opinion reporting,mixed_or_unclear,0.0,low_sample,,Other Neutrality Debate,Defence capability and security gaps
James Buckley,Evening Herald,synthetic_demo_author,True,1,1,0,0,0,0,0,100.0,0.0,0.0,0.0,0.0,Publication-owned opinion,mixed_or_unclear,0.0,low_sample,,Ukraine / Russia / Moral Responsibility,Ukraine war and moral neutrality
Kate Molloy,Irish Farmers Monthly (IFM),synthetic_demo_author,True,1,0,0,0,0,0,1,0.0,0.0,0.0,0.0,100.0,Unclear attribution,mixed_or_unclear,0.0,low_sample,,Other Neutrality Debate,Ukraine war and moral neutrality
Kate Molloy,Roscommon People,synthetic_demo_author,True,1,0,0,0,0,1,0,0.0,0.0,0.0,100.0,0.0,Factual / low-opinion reporting,mixed_or_unclear,0.0,low_sample,,Other Neutrality Debate,Ukraine war and moral neutrality
Kevin O'Brien,The Meath Chronicle,synthetic_demo_author,True,1,0,0,0,0,0,1,0.0,0.0,0.0,0.0,100.0,Unclear attribution,move_away_or_align,0.0,low_sample,,Ukraine / Russia / Moral Responsibility,Ukraine war and moral neutrality
Liam Clarke,Deise Today,synthetic_demo_author,True,1,0,0,0,0,1,0,0.0,0.0,0.0,100.0,0.0,Factual / low-opinion reporting,preserve_neutrality,0.0,low_sample,,Other Neutrality Debate,Defence capability and security gaps
Mark Duffy,eolas Magazine,synthetic_demo_author,True,1,0,0,0,0,0,1,0.0,0.0,0.0,0.0,100.0,Unclear attribution,preserve_neutrality,0.0,low_sample,,Other Neutrality Debate,Defence capability and security gaps
Martin Casey,Hard Shoulder,synthetic_demo_author,True,1,0,0,0,0,1,0,0.0,0.0,0.0,100.0,0.0,Factual / low-opinion reporting,move_away_or_align,0.0,low_sample,,Other Neutrality Debate,Ukraine war and moral neutrality
Martin Casey,The Current Affairs Show,synthetic_demo_author,True,1,0,0,0,0,1,0,0.0,0.0,0.0,100.0,0.0,Factual / low-opinion reporting,mixed_or_unclear,0.0,low_sample,,Other Neutrality Debate,Ukraine war and moral neutrality
Megan Daly,BallinEurope,synthetic_demo_author,True,1,0,0,0,0,1,0,0.0,0.0,0.0,100.0,0.0,Factual / low-opinion reporting,mixed_or_unclear,0.0,low_sample,,Other Neutrality Debate,Ukraine war and moral neutrality
Michael O'Connor,Connaught Telegraph,synthetic_demo_author,True,1,0,0,0,0,0,1,0.0,0.0,0.0,0.0,100.0,Unclear attribution,move_away_or_align,0.0,low_sample,,Ukraine / Russia / Moral Responsibility,Ukraine war and moral neutrality
Michael O'Connor,Newstalk,synthetic_demo_author,True,1,0,0,0,0,1,0,0.0,0.0,0.0,100.0,0.0,Factual / low-opinion reporting,preserve_neutrality,0.0,low_sample,,Other Neutrality Debate,Ukraine war and moral neutrality
Niamh Walsh,The Niall Boylan Show,synthetic_demo_author,True,1,1,0,0,0,0,0,100.0,0.0,0.0,0.0,0.0,Publication-owned opinion,mixed_or_unclear,0.0,low_sample,,Ukraine / Russia / Moral Responsibility,Ukraine war and moral neutrality
Orla Gallagher,Business & Finance,synthetic_demo_author,True,1,0,0,0,0,0,1,0.0,0.0,0.0,0.0,100.0,Unclear attribution,mixed_or_unclear,0.0,low_sample,,Other Neutrality Debate,Ukraine war and moral neutrality
Orla Gallagher,Irish Marketing Journal,synthetic_demo_author,True,1,1,0,0,0,0,0,100.0,0.0,0.0,0.0,0.0,Publication-owned opinion,mixed_or_unclear,0.0,low_sample,,Other Neutrality Debate,Ukraine war and moral neutrality
Orla Gallagher,NewsTalk Breakfast,synthetic_demo_author,True,1,1,0,0,0,0,0,100.0,0.0,0.0,0.0,0.0,Publication-owned opinion,move_away_or_align,0.0,low_sample,,Other Neutrality Debate,Sinn Féin and government neutrality clash
Orla Gallagher,Roscommon Herald,synthetic_demo_author,True,1,0,0,0,0,0,1,0.0,0.0,0.0,0.0,100.0,Unclear attribution,mixed_or_unclear,0.0,low_sample,,Budget / Fiscal / Public Finances,Ukraine war and moral neutrality
Paul Kavanagh,Banbridge Leader,synthetic_demo_author,True,1,0,0,0,0,1,0,0.0,0.0,0.0,100.0,0.0,Factual / low-opinion reporting,mixed_or_unclear,0.0,low_sample,,Other Neutrality Debate,Sinn Féin and government neutrality clash — Ukraine/political angle
Paul Kavanagh,Morning Focus,synthetic_demo_author,True,1,1,0,0,0,0,0,100.0,0.0,0.0,0.0,0.0,Publication-owned opinion,mixed_or_unclear,0.0,low_sample,,Peacekeeping / Identity / Tradition,Ukraine war and moral neutrality
Rachel Moore,The 9-11 Show,synthetic_demo_author,True,1,1,0,0,0,0,0,100.0,0.0,0.0,0.0,0.0,Publication-owned opinion,reform_redefine,0.0,low_sample,,Other Neutrality Debate,Defence capability and security gaps
Roisin Farrell,Dublin Live,synthetic_demo_author,True,1,0,0,0,0,0,1,0.0,0.0,0.0,0.0,100.0,Unclear attribution,preserve_neutrality,0.0,low_sample,,Other Neutrality Debate,Sinn Féin and government neutrality clash
Roisin Farrell,The Irish Independent,synthetic_demo_author,True,1,0,0,0,0,0,1,0.0,0.0,0.0,0.0,100.0,Unclear attribution,preserve_neutrality,0.0,low_sample,,Other Neutrality Debate,Referendum and constitutional protection
Stephen Reilly,The Irish Farmers Journal,synthetic_demo_author,True,1,0,0,0,0,0,1,0.0,0.0,0.0,0.0,100.0,Unclear attribution,move_away_or_align,0.0,low_sample,,Budget / Fiscal / Public Finances,Ukraine war and moral neutrality
