Outlet,mentions,unique_stories,weighted_mentions,estimated_reach,avg_stance,avg_sentiment,top_cluster,top_frame,top_tier,sample_headline,sample_link,mentions_s,unique_stories_s,weighted_mentions_s,estimated_reach_s,impact_score,share_of_voice,entity_type,stance_label,narrative_role,actor_type,entity_group
The Irish Times,37,37,36.25414538342482,15422858,-0.1825135135135135,0.15,Ukraine war and moral neutrality,Ukraine / Russia / Moral Responsibility,Top,Kathy Sheridan: Our neutrality won’t shield us from skyrocketing fuel prices,https://irishtimes.com/opinion/2026/05/06/kathy-sheridan-irish-neutrality-fuel-prices-ukraine-war-refugees,1.0,1.0,1.0,1.0,100.0,0.0615978106295082,Media outlet,Lean preserve,Media amplifier,Media outlet,Media outlet
The Irish Independent,27,27,25.423826277867448,3408559,-0.0259629629629629,0.0722222222222222,Ukraine war and moral neutrality,Ukraine / Russia / Moral Responsibility,Top,New law will free IDA and EI to support firms with defence links,https://independent.ie/world-news/pope-leo-xiv-delivers-easter-message-rejecting-trump-administrations-depiction-of-warlike-god-as-iran-conflict-rages/a130741528.html,0.7222222222222222,0.7222222222222222,0.6993177103379794,0.2210069625227697,57.3,0.0431964957380455,Media outlet,Mixed / unclear,Media amplifier,Media outlet,Media outlet
The Irish Examiner,21,21,21.007480146479324,8605107,-0.289095238095238,0.2642857142857143,Ukraine war and moral neutrality,Ukraine / Russia / Moral Responsibility,Top,Letters to the Editor: Neutralising Ireland’s neutrality,https://irishexaminer.com/opinion/yourview/arid-41838741.html,0.5555555555555555,0.5555555555555555,0.5767066354672129,0.5579450319778604,56.4,0.0356928778814243,Media outlet,Lean preserve,Media amplifier,Media outlet,Media outlet
The Sligo Champion,28,2,20.802918052534327,1579107,0.0,0.0232142857142857,Referendum and constitutional protection,Ukraine / Russia / Moral Responsibility,Mid,Irish Independent,https://independent.ie/sport/soccer/league-of-ireland/league-of-ireland-tensions-flare-as-shels-and-bohs-players-and-staff-clash-before-dublin-derby/a1814346165.html,0.7499999999999999,0.0277777777777777,0.5710273754023938,0.1023874433649068,35.6,0.0353453154994805,Media outlet,Mixed / unclear,Media amplifier,Media outlet,Media outlet
The Pat Kenny Show,18,1,13.765643388614924,4266000,-0.1142222222222222,-0.0166666666666666,Ukraine war and moral neutrality,Other Neutrality Debate,Bottom,The Pat Kenny Show - Neutrality,,0.4722222222222222,0.0,0.3756514277221417,0.2766024299776344,28.6,0.0233885942056412,Media outlet,Mixed / unclear,Media amplifier,Media outlet,Media outlet
RTE,11,10,10.47439525469142,4121810,-0.25,0.1181818181818181,Ukraine war and moral neutrality,Ukraine / Russia / Moral Responsibility,Top,Political fallout ongoing after Healy-Rae resignation,https://www.rte.ie/news/2026/0415/1568354-politics-live-blog,0.2777777777777777,0.25,0.2842764631335021,0.2672533197154509,27.2,0.0177965804608949,Media outlet,Lean preserve,Media amplifier,Media outlet,Media outlet
Liveline,14,1,10.785067714751849,4396000,-0.1613571428571428,0.0678571428571428,Ukraine war and moral neutrality,Other Neutrality Debate,Bottom,Liveline - Neutrality,,0.361111111111111,0.0,0.2929016666677145,0.2850314773046604,24.2,0.0183244302601444,Media outlet,Lean preserve,Media amplifier,Media outlet,Media outlet
Galway Bay FM,15,3,12.429479882558004,1783690,-0.3417333333333333,-0.0866666666666666,Sinn Féin and government neutrality clash,Other Neutrality Debate,Mid,Galway Bay FM - Neutrality,https://www.galwaybayfm.ie/galway-bay-fm-news-desk/people-before-profit-selects-denman-rooke-to-contest-galway-west-by-election-214638,0.3888888888888888,0.0555555555555555,0.3385555029900743,0.1156523648210986,22.7,0.0211183780484074,Media outlet,Lean preserve,Media amplifier,Media outlet,Media outlet
RTE - Radio 1,10,1,10.186361385536175,4500000,0.0325,0.065,Ukraine war and moral neutrality,Other Neutrality Debate,Top,RTE - Radio 1 - Neutrality,,0.25,0.0,0.2762797750919311,0.291774715166281,22.2,0.0173071948874807,Media outlet,Mixed / unclear,Media amplifier,Media outlet,Media outlet
Classic Hits 4FM,12,1,11.77490088271145,2400000,-0.461,-0.1875,Sinn Féin and government neutrality clash,Other Neutrality Debate,Top,Classic Hits 4FM - Neutrality,,0.3055555555555555,0.0,0.3203824177355925,0.1556131814220165,20.8,0.0200062118989045,Media outlet,Strong preserve,Media amplifier,Media outlet,Media outlet
Hot Press,8,8,7.834400029136271,3357168,-0.71875,0.125,Defence capability and security gaps,Shannon / US Military / Anti-war,Top,"Sally Rooney and Omar Barghouti speak at BDS Panel: ""The Irish government is not listening to its people, not just about Palestine but about everything"" | Hotpress",https://www.hotpress.com/opinion/sally-rooney-and-omar-barghouti-speak-at-bds-panel-the-irish-government-is-not-listening-to-its-people-not-just-about-palestine-but-about-everything-23137398,0.1944444444444444,0.1944444444444444,0.210982241478537,0.2176748304367452,20.7,0.0133110816511257,Media outlet,Strong preserve,Media amplifier,Media outlet,Media outlet
Hard Shoulder,13,3,9.532433741186424,1959446,-0.1382307692307692,-0.05,Ukraine war and moral neutrality,Other Neutrality Debate,Bottom,Hard Shoulder - Neutrality,https://www.newstalk.com/news/irish-jews-2240075,0.3333333333333333,0.0555555555555555,0.2581247734285469,0.1270481774519352,19.1,0.0161961354272162,Media outlet,Mixed / unclear,Media amplifier,Media outlet,Media outlet
Today With David McCullagh,9,1,9.409928762798826,3141000,-0.0741111111111111,-0.0722222222222222,Ukraine war and moral neutrality,Other Neutrality Debate,Top,Today With David McCullagh - Neutrality,,0.2222222222222222,0.0,0.2547236661262073,0.2036587511860642,18.5,0.0159879926512637,Media outlet,Mixed / unclear,Media amplifier,Media outlet,Media outlet
The Western People,10,10,7.848679989387679,578860,-0.0177,0.0,"NATO, EU security and defence cooperation #2",Ukraine / Russia / Moral Responsibility,Mid,"Irish neutrality should be put to a public vote, say Sinn Féin",https://westernpeople.ie/irish-neutrality-should-be-put-to-a-public-vote-say-sinn-f%C3%A9in_arid-93952.html,0.25,0.25,0.2113786962000302,0.0375326025824785,17.6,0.013335344098304,Media outlet,Mixed / unclear,Media amplifier,Media outlet,Media outlet
Newstalk,6,2,6.035955857103781,4312335,-0.1111666666666666,-0.05,Ukraine war and moral neutrality,Other Neutrality Debate,Top,Newstalk - Neutrality,https://www.newstalk.com/news/richard-boyd-barrett-i-dont-think-we-should-go-to-the-st-patricks-day-celebration-2243739,0.1388888888888889,0.0277777777777777,0.1610520126269638,0.2796067369614632,16.4,0.0102554249154618,Media outlet,Mixed / unclear,Media amplifier,Media outlet,Media outlet
98FM,10,1,9.431668244528549,1680000,-0.0857,0.0349999999999999,Sinn Féin and government neutrality clash,Other Neutrality Debate,Top,98FM - Neutrality,,0.25,0.0,0.25532721963916,0.1089292269954116,16.3,0.0160249292405726,Media outlet,Mixed / unclear,Media amplifier,Media outlet,Media outlet
The Belfast Telegraph,7,7,6.80325795688826,1819683,-0.4458571428571428,-0.0928571428571428,Defence capability and security gaps,Other Neutrality Debate,Top,Nolan’s Peelers series is both a harrowing insight into the problems facing NI and a damning reflection on Stormont’s failures,https://www.belfasttelegraph.co.uk/news/republic-of-ireland/91-year-old-woman-walks-220km-to-protest-us-military-at-co-clare-airport/a/145873110.html,0.1666666666666666,0.1666666666666666,0.1823546307656377,0.1179861086706497,15.9,0.011559113885048,Media outlet,Lean preserve,Media amplifier,Media outlet,Media outlet
Galway Talks,13,1,9.257400758091178,845000,-0.2749230769230769,0.2269230769230769,Triple Lock and UN mandate debate,Other Neutrality Debate,Bottom,Galway Talks - Neutrality,,0.3333333333333333,0.0,0.2504890291551192,0.0547888076256683,15.7,0.0157288390827459,Media outlet,Lean preserve,Media amplifier,Media outlet,Media outlet
Kerry Today,12,1,8.690158331066028,996000,0.0069166666666666,0.1916666666666666,Ukraine war and moral neutrality,Other Neutrality Debate,Bottom,Kerry Today - Neutrality,,0.3055555555555555,0.0,0.2347406703035462,0.0645794702901368,15.0,0.0147650626309393,Media outlet,Mixed / unclear,Media amplifier,Media outlet,Media outlet
Leinster Express,9,8,6.769034870145035,518994,-0.4154444444444445,0.2166666666666666,Shannon Airport and US military use,Shannon / US Military / Anti-war,Mid,91-year-old woman walks 220km to protest over US military at Co Clare airport,http://leinsterexpress.ie/news/national-news/2062297/91-year-old-woman-walks-220km-to-protest-us-military-at-co-clare-airport.html,0.2222222222222222,0.1944444444444444,0.1814044947649381,0.0336509614495575,14.8,0.0115009669560811,Media outlet,Lean preserve,Media amplifier,Media outlet,Media outlet
The University Times,8,8,6.354785334791217,499376,-0.253375,-0.125,Ukraine war and moral neutrality,Other Neutrality Debate,Mid,"Ireland’s Defence Gap: Neutrality, Without Capability",https://universitytimes.ie/2026/03/irelands-defence-gap-neutrality-without-capability,0.1944444444444444,0.1944444444444444,0.1699036795472499,0.0323789533690837,14.0,0.0107971339416156,Media outlet,Lean preserve,Media amplifier,Media outlet,Media outlet
Midlands Today,11,1,7.571730608236723,880000,-0.4034545454545455,-0.0863636363636363,Sinn Féin and government neutrality clash,Other Neutrality Debate,Bottom,Midlands Today - Neutrality,,0.2777777777777777,0.0,0.20368974694255,0.057058166521406,13.2,0.0128647916868853,Media outlet,Lean preserve,Media amplifier,Media outlet,Media outlet
Waterford News & Star,8,7,6.051185285793376,503768,-0.15475,0.1625,Defence capability and security gaps,Ukraine / Russia / Moral Responsibility,Mid,"Irish neutrality should be put to a public vote, say Sinn Féin - Homepage - Waterford News & Star",https://waterford-news.ie/irish-neutrality-should-be-put-to-a-public-vote-say-sinn-f%C3%A9in_arid-93952.html,0.1944444444444444,0.1666666666666666,0.1614748274530091,0.032663725491086,13.1,0.0102813005623566,Media outlet,Lean preserve,Media amplifier,Media outlet,Media outlet
Kilkenny People,8,7,6.088216982839708,502968,-0.46525,0.1625,Defence capability and security gaps,Other Neutrality Debate,Mid,‘Dangerous development’ - Kilkenny MEP warns against EU proposal,https://www.kilkennypeople.ie/news/politics/2063053/dangerous-development-kilkenny-mep-warns-against-eu-proposal.html,0.1944444444444444,0.1666666666666666,0.1625029389379466,0.032611854430612,13.1,0.0103442194765339,Media outlet,Strong preserve,Media amplifier,Media outlet,Media outlet
LMFM,10,1,7.873335823516739,550000,-0.0617,-0.03,Ukraine war and moral neutrality,Other Neutrality Debate,Mid,LMFM - Neutrality,,0.25,0.0,0.2120632164424346,0.0356613540758788,12.6,0.0133772357326408,Media outlet,Mixed / unclear,Media amplifier,Media outlet,Media outlet
The Kerryman,8,4,7.277787759335341,159088,-0.41875,0.04375,"NATO, EU security and defence cooperation #2",Shannon / US Military / Anti-war,Top,It’s time for Irish people to push back against war on neutrality,,0.1944444444444444,0.0833333333333333,0.195529007819721,0.0103150790858607,12.1,0.0123653664280347,Media outlet,Lean preserve,Media amplifier,Media outlet,Media outlet
Sunday Independent (Ireland),6,6,5.629980050073941,912804,0.082,0.1083333333333333,Ukraine war and moral neutrality,Other Neutrality Debate,Top,We have an opportunity to end EU veto and we must grasp it,,0.1388888888888889,0.1388888888888889,0.1497809010359414,0.0591851393561426,12.1,0.0095656494258699,Media outlet,Mixed / unclear,Media amplifier,Media outlet,Media outlet
Echo Live,7,7,5.272217818620509,389431,-0.1511428571428571,-0.0499999999999999,Defence capability and security gaps,Defence Capability / Underinvestment,Mid,Tom MacSweeney column: Recognition for those who saved German sub crew,https://echolive.ie/corknews/arid-41836028.html,0.1666666666666666,0.1666666666666666,0.1398483435683768,0.0252502486893155,11.7,0.0089577914843741,Media outlet,Lean preserve,Media amplifier,Media outlet,Media outlet
The Westmeath Examiner,7,7,5.214175199776697,415905,0.1028571428571428,-0.0928571428571428,Defence capability and security gaps,Ukraine / Russia / Moral Responsibility,Mid,"LIVE: Fuel Protests, as it happens | Westmeath Examiner",https://www.westmeathexaminer.ie/2026/04/09/live-fuel-protests-as-it-happens,0.1666666666666666,0.1666666666666666,0.1382369055893258,0.0269667917580515,11.7,0.0088591738447588,Media outlet,Mixed / unclear,Media amplifier,Media outlet,Media outlet
Morning Ireland,6,1,4.6701171562244745,2796000,-0.2083333333333333,0.325,Shannon Airport and US military use,Other Neutrality Debate,Bottom,Morning Ireland - Neutrality,,0.1388888888888889,0.0,0.1231322150765246,0.1812893563566493,11.7,0.0079347889507348,Media outlet,Lean preserve,Media amplifier,Media outlet,Media outlet
The Meath Chronicle,7,7,5.216538015225368,419734,0.0975714285714285,-0.0928571428571428,Defence capability and security gaps,Ukraine / Russia / Moral Responsibility,Mid,Trim launch for historical novel by Skryne author | Meath Chronicle,https://www.meathchronicle.ie/2026/04/10/trim-launch-for-historical-novel-by-skryne-author,0.1666666666666666,0.1666666666666666,0.1383025044652435,0.0272150596212452,11.7,0.008863188399702,Media outlet,Mixed / unclear,Media amplifier,Media outlet,Media outlet
C103,8,1,6.511611069619835,1120000,-0.492625,0.2875,Sinn Féin and government neutrality clash,Other Neutrality Debate,Mid,C103 - Neutrality,,0.1944444444444444,0.0,0.1742576344553745,0.0726194846636077,11.4,0.0110635895927871,Media outlet,Strong preserve,Media amplifier,Media outlet,Media outlet
Today FM,6,1,5.7538081485170425,1548000,-0.422,0.1083333333333333,Sinn Féin and government neutrality clash,Other Neutrality Debate,Top,Today FM - Neutrality,,0.1388888888888889,0.0,0.1532187421375264,0.1003705020172007,10.6,0.0097760402564313,Media outlet,Lean preserve,Media amplifier,Media outlet,Media outlet
Roscommon Herald,6,6,4.6558463198538815,356610,-0.1208333333333333,-0.3833333333333333,Ukraine war and moral neutrality,Ukraine / Russia / Moral Responsibility,Mid,"Irish neutrality should be put to a public vote, say Sinn Féin",https://roscommonindependent.ie/irish-neutrality-should-be-put-to-a-public-vote-say-sinn-f%C3%A9in_arid-93952.html,0.1388888888888889,0.1388888888888889,0.1227360136614527,0.0231221735945438,10.0,0.0079105420055376,Media outlet,Mixed / unclear,Media amplifier,Media outlet,Media outlet
Offaly Independent,6,6,4.459948187856829,341730,-0.0466666666666666,-0.05,Defence capability and security gaps,Ukraine / Russia / Moral Responsibility,Mid,"LIVE: Fuel Protests, as it happens | Offaly Independent",https://www.offalyindependent.ie/2026/04/09/live-fuel-protests-as-it-happens,0.1388888888888889,0.1388888888888889,0.1172972912844582,0.0221573718697273,9.8,0.007577700177112,Media outlet,Mixed / unclear,Media amplifier,Media outlet,Media outlet
Connaught Telegraph,6,6,4.46336337683697,347052,0.12,-0.2166666666666666,Defence capability and security gaps,Ukraine / Russia / Moral Responsibility,Mid,"LIVE: Fuel Protests, as it happens | Connaught Telegraph",https://www.con-telegraph.ie/2026/04/09/live-fuel-protests-as-it-happens,0.1388888888888889,0.1388888888888889,0.1173921072203663,0.0225024440995307,9.8,0.007583502773252,Media outlet,Mixed / unclear,Media amplifier,Media outlet,Media outlet
Ireland Afloat,6,6,4.44699233813316,322272,0.3755,0.0,"NATO, EU security and defence cooperation",Defence Capability / Underinvestment,Mid,Marine Notice: Inshore Geophysical and Geotechnical Survey in Galway Bay,https://afloat.ie/port-news/undersea-cables/item/71118-marine-notice-inshore-geophysical-and-geotechnical-survey-in-galway-bay,0.1388888888888889,0.1388888888888889,0.1169375978607038,0.0208957380013483,9.8,0.0075556874674099,Media outlet,Reform / redefine,Media amplifier,Media outlet,Media outlet
The Westmeath Independent,6,6,4.454029987300714,332700,0.1478333333333333,-0.2749999999999999,Defence capability and security gaps,Ukraine / Russia / Moral Responsibility,Mid,"LIVE: Fuel Protests, as it happens | Westmeath Independent",https://www.westmeathindependent.ie/2026/04/09/live-fuel-protests-as-it-happens,0.1388888888888889,0.1388888888888889,0.1171329842057333,0.021571877274627,9.8,0.0075676448250062,Media outlet,Mixed / unclear,Media amplifier,Media outlet,Media outlet
KFM Radio,15,1,4.408,0,-0.3164666666666667,-0.0433333333333333,Sinn Féin and government neutrality clash,Other Neutrality Debate,,KFM Radio - Neutrality,,0.3888888888888888,0.0,0.1158550530718676,0.0,9.8,0.0074894373149121,Media outlet,Lean preserve,Media amplifier,Media outlet,Media outlet
Waterford Live,6,5,4.5582312193288335,379698,-0.3876666666666666,0.1083333333333333,"NATO, EU security and defence cooperation",Defence Capability / Underinvestment,Mid,91-year-old woman walks 220km to protest over US military at Co Clare airport,http://waterfordlive.ie/news/national-news/2062297/91-year-old-woman-walks-220km-to-protest-us-military-at-co-clare-airport.html,0.1388888888888889,0.1111111111111111,0.120025924360723,0.0246191723998236,9.4,0.0077446885172502,Media outlet,Lean preserve,Media amplifier,Media outlet,Media outlet
Letterkenny Live,6,5,4.53768224863129,345984,-0.3531666666666666,0.1666666666666666,"NATO, EU security and defence cooperation",Defence Capability / Underinvestment,Mid,91-year-old woman walks 220km to protest over US military at Co Clare airport,https://letterkennylive.ie/news/national-news/2062297/91-year-old-woman-walks-220km-to-protest-us-military-at-co-clare-airport.html,0.1388888888888889,0.1111111111111111,0.1194554230209827,0.0224331962337979,9.3,0.0077097746724395,Media outlet,Lean preserve,Media amplifier,Media outlet,Media outlet
Leitrim Observer,6,5,4.526694148521262,329202,-0.4006666666666666,0.0,"NATO, EU security and defence cooperation",Defence Capability / Underinvestment,Mid,91-year-old woman walks 220km to protest US military at Co Clare airport,http://leitrimobserver.ie/news/national-news/2062297/91-year-old-woman-walks-220km-to-protest-us-military-at-co-clare-airport.html,0.1388888888888889,0.1111111111111111,0.1191503602552491,0.0213450710627044,9.3,0.0076911052788406,Media outlet,Lean preserve,Media amplifier,Media outlet,Media outlet
The Inish Times,6,5,4.522004681121101,322290,-0.3573333333333333,0.0,"NATO, EU security and defence cooperation",Defence Capability / Underinvestment,Mid,91-year-old woman walks 220km to protest over US military at Co Clare airport,http://inishlive.ie/news/national-news/2062297/91-year-old-woman-walks-220km-to-protest-us-military-at-co-clare-airport.html,0.1388888888888889,0.1111111111111111,0.1190201665110544,0.020896905100209,9.3,0.0076831376127486,Media outlet,Lean preserve,Media amplifier,Media outlet,Media outlet
North West Today,8,1,5.502427052465625,400000,-0.2754999999999999,-0.1625,Ukraine war and moral neutrality,Other Neutrality Debate,Bottom,North West Today - Neutrality,,0.1944444444444444,0.0,0.146239645510567,0.0259355302370027,9.0,0.009348929784328,Media outlet,Lean preserve,Media amplifier,Media outlet,Media outlet
Midlands 103,7,1,5.632707938043703,560000,-0.119,0.0928571428571428,Ukraine war and moral neutrality,Other Neutrality Debate,Mid,Midlands 103 - Neutrality,,0.1666666666666666,0.0,0.1498566354249927,0.0363097423318038,9.0,0.0095702842593435,Media outlet,Mixed / unclear,Media amplifier,Media outlet,Media outlet
The Clare Champion,5,5,4.035056733428383,304285,-0.93,0.26,Shannon Airport and US military use #3,Shannon / US Military / Anti-war,Mid,Doolan to undertake peace walk from Clare to the Dáil,https://clarechampion.ie/doolan-to-undertake-peace-walk-from-clare-to-the-dail,0.1111111111111111,0.1111111111111111,0.1055010243296078,0.0197294820454159,8.3,0.0068557859498924,Media outlet,Strong preserve,Media amplifier,Media outlet,Media outlet
Cork Beo,6,3,4.4527308938558665,330750,-0.4813333333333333,0.0,Ukraine war and moral neutrality,Defence Capability / Underinvestment,Mid,91-year-old Clare woman walks 220km from Shannon Airport to the Dáil in protest,https://www.corkbeo.ie/news/local-news/91-year-old-clare-woman-33776274,0.1388888888888889,0.0555555555555555,0.117096917457591,0.0214454415647216,8.1,0.007565437592946,Media outlet,Strong preserve,Media amplifier,Media outlet,Media outlet
Dublin People,5,5,3.832720468341521,291351,-0.1,0.13,Ukraine war and moral neutrality,Other Neutrality Debate,Mid,Irish Neutrality,https://dublinpeople.com/news/northsideeast/articles/2026/03/25/obrien-carbon-tax,0.1111111111111111,0.1111111111111111,0.0998835599802184,0.0188908566752024,8.1,0.0065120053750509,Media outlet,Mixed / unclear,Media amplifier,Media outlet,Media outlet
Killarney Advertiser,5,5,3.8798951802536346,249224,0.0,0.52,Ukraine war and moral neutrality,Ukraine / Russia / Moral Responsibility,Mid,FOUR YEARS IN KILLARNEY,https://killarneyadvertiser.ie/news/arbutus-hotels-100th-anniversary-honoured-at-ihf-conference,0.1111111111111111,0.1111111111111111,0.1011932721183032,0.0161593914694669,8.1,0.0065921578359662,Media outlet,Mixed / unclear,Media amplifier,Media outlet,Media outlet
Laois Nationalist,5,5,3.761519892438842,296445,-0.2402,-0.13,Defence capability and security gaps,Ukraine / Russia / Moral Responsibility,Mid,"Irish neutrality should be put to a public vote, say Sinn Féin - Homepage - Laois Nationalist",https://laois-nationalist.ie/irish-neutrality-should-be-put-to-a-public-vote-say-sinn-f%C3%A9in_arid-93952.html,0.1111111111111111,0.1111111111111111,0.0979068174688471,0.0192211456527707,8.0,0.0063910316341233,Media outlet,Lean preserve,Media amplifier,Media outlet,Media outlet
Limerick's Live 95FM,6,1,4.7909217862296885,552000,-0.5608333333333334,-0.1083333333333333,Sinn Féin and government neutrality clash,Other Neutrality Debate,Mid,Limerick's Live 95FM - Neutrality,,0.1388888888888889,0.0,0.1264861155846917,0.0357910317270638,7.8,0.0081400427401574,Media outlet,Strong preserve,Media amplifier,Media outlet,Media outlet
Dundalk Democrat,5,4,3.807672272405564,310705,-0.3026,0.0,"NATO, EU security and defence cooperation",Defence Capability / Underinvestment,Mid,91-year-old woman walks 220km to protest US military at Co Clare airport,http://dundalkdemocrat.ie/news/national-news/2062297/91-year-old-woman-walks-220km-to-protest-us-military-at-co-clare-airport.html,0.1111111111111111,0.0833333333333333,0.0991881465918851,0.0201457473057198,7.6,0.0064694470961684,Media outlet,Lean preserve,Media amplifier,Media outlet,Media outlet
Leinster Leader,5,4,3.8109532479756,316290,-0.3112,0.0,"NATO, EU security and defence cooperation",Defence Capability / Underinvestment,Mid,91-year-old woman walks 220km to protest over US military at Co Clare airport,http://leinsterleader.ie/news/national-news/2062297/91-year-old-woman-walks-220km-to-protest-us-military-at-co-clare-airport.html,0.1111111111111111,0.0833333333333333,0.0992792363591494,0.020507872146654,7.6,0.0064750216562554,Media outlet,Lean preserve,Media amplifier,Media outlet,Media outlet
Longford Leader,5,4,3.792889882499616,286740,-0.3016,0.0,"NATO, EU security and defence cooperation",Defence Capability / Underinvestment,Mid,91-year-old woman walks 220km to protest over US military at Co Clare airport,http://longfordleader.ie/news/national-news/2062297/91-year-old-woman-walks-220km-to-protest-us-military-at-co-clare-airport.html,0.1111111111111111,0.0833333333333333,0.0987777429093827,0.0185918848503954,7.5,0.0064443309930456,Media outlet,Lean preserve,Media amplifier,Media outlet,Media outlet
Tipperary Live,5,4,3.784311621916199,273690,-0.3016,0.0,"NATO, EU security and defence cooperation",Defence Capability / Underinvestment,Mid,91-year-old woman walks 220km to protest over US military at Co Clare airport,http://tipperarylive.ie/news/national-news/2062297/91-year-old-woman-walks-220km-to-protest-us-military-at-co-clare-airport.html,0.1111111111111111,0.0833333333333333,0.098539584549652,0.0177457381764132,7.5,0.0064297560509153,Media outlet,Lean preserve,Media amplifier,Media outlet,Media outlet
Carlow Live,5,4,3.7910762198295096,283930,-0.301,0.0,"NATO, EU security and defence cooperation",Defence Capability / Underinvestment,Mid,91-year-old woman walks 220km to protest over US military at Co Clare airport,http://carlowlive.ie/news/national-news/2062297/91-year-old-woman-walks-220km-to-protest-us-military-at-co-clare-airport.html,0.1111111111111111,0.0833333333333333,0.0987273901691719,0.0184096877504804,7.5,0.0064412494792348,Media outlet,Lean preserve,Media amplifier,Media outlet,Media outlet
The Opinion Line,6,1,4.292048433093797,534000,-0.1428333333333333,0.0,Triple Lock and UN mandate debate,Other Neutrality Debate,Bottom,The Opinion Line - Neutrality,,0.1388888888888889,0.0,0.1126358882174022,0.0346239328663986,7.2,0.0072924291497783,Media outlet,Mixed / unclear,Media amplifier,Media outlet,Media outlet
Shannonside FM,5,3,3.9148168660725,301808,-0.4278,-0.13,Ukraine war and moral neutrality,Other Neutrality Debate,Mid,Sinn Féin leader claims parties are trying to 'dismantle Irish neutrality' | Shannonside.ie,https://www.shannonside.ie/news/sinn-fein-leader-claims-parties-are-trying-to-dismantle-irish-neutrality-287669,0.1111111111111111,0.0555555555555555,0.102162803334192,0.0195688762744233,7.1,0.0066514917236413,Media outlet,Lean preserve,Media amplifier,Media outlet,Media outlet
NewsTalk Breakfast,5,1,3.861017006742792,825000,-0.0334,0.0,Sinn Féin and government neutrality clash,Other Neutrality Debate,Bottom,NewsTalk Breakfast - Neutrality,,0.1111111111111111,0.0,0.1006691571425068,0.0534920311138182,6.9,0.0065600827685594,Media outlet,Mixed / unclear,Media amplifier,Media outlet,Media outlet
The Last Word,5,1,3.740962079844847,930000,-0.2834,0.13,Ukraine war and moral neutrality,Other Neutrality Debate,Bottom,The Last Word - Neutrality,,0.1111111111111111,0.0,0.0973360706514211,0.0603001078010314,6.9,0.0063561027664386,Media outlet,Lean preserve,Media amplifier,Media outlet,Media outlet
Breakingnews.ie,3,3,2.887328246631202,1194255,-0.3963333333333333,0.0,Defence capability and security gaps,Other Neutrality Debate,Top,"Fuel demonstrations prove protests ‘effective’, say neutrality campaigners | BreakingNews",https://www.breakingnews.ie/ireland/fuel-demonstrations-prove-protests-effective-say-neutrality-campaigners-1887441.html,0.0555555555555555,0.0555555555555555,0.0736366234789052,0.0774340916579793,6.9,0.0049057313772049,Media outlet,Lean preserve,Media amplifier,Media outlet,Media outlet
RTE News,3,3,2.8172908960768543,1249113,-0.1666666666666666,0.0,Ukraine war and moral neutrality,Ukraine / Russia / Moral Responsibility,Top,Are President's words on Iran a sign of things to come?,https://www.rte.ie/news/analysis-and-comment/2026/0314/1563318-are-presidents-words-on-iran-a-sign-of-things-to-come,0.0555555555555555,0.0555555555555555,0.0716921756079522,0.080991019952333,6.9,0.0047867340208802,Media outlet,Lean preserve,Media amplifier,Media outlet,Media outlet
WLR FM,5,2,3.884353042724317,314332,-0.2274,0.26,Sinn Féin and government neutrality clash,Other Neutrality Debate,Mid,WLR FM - Neutrality,https://wlrfm.com/lifestyle/sun-sea-and-scintillating-reads-in-dymphnas-book-club-370731,0.1111111111111111,0.0277777777777777,0.1013170358118397,0.0203809177261438,6.5,0.0065997319923938,Media outlet,Lean preserve,Media amplifier,Media outlet,Media outlet
Evening Herald,4,4,3.5317291805272486,115760,-0.375,0.0,Ukraine war and moral neutrality,Ukraine / Russia / Moral Responsibility,Top,'No strong evidence' Irish airspace is being used by US in Iran war - Martin,,0.0833333333333333,0.0833333333333333,0.0915271349565203,0.0075057424505885,6.5,0.0060006044262261,Media outlet,Lean preserve,Media amplifier,Media outlet,Media outlet
Kildare Now,4,4,3.09032572863911,303024,-0.53075,0.0,Defence capability and security gaps,Other Neutrality Debate,Mid,91-year-old woman walks 220km to protest over US military at Co Clare airport,https://www.kildarenow.com/news/national-news/2062297/91-year-old-woman-walks-220km-to-protest-us-military-at-co-clare-airport.html,0.0833333333333333,0.0833333333333333,0.0792724452022413,0.0196477202863438,6.4,0.0052506353963935,Media outlet,Strong preserve,Media amplifier,Media outlet,Media outlet
The Mail on Sunday (Ireland),3,2,2.8190349805624164,1268985,-0.3333333333333333,0.0,Ukraine war and moral neutrality,Ukraine / Russia / Moral Responsibility,Top,Who is most likely to join Middle East war?,https://dailymail.co.uk/news/article-15664053/Who-likely-join-Middle-East-war-Likelihood-countries-militant-groups-taking-arms-Tehran-pounds-oil-facilities-spreads-terror-region.html,0.0555555555555555,0.0277777777777777,0.0717405966481239,0.0822794970945073,6.4,0.0047896973174834,Media outlet,Lean preserve,Media amplifier,Media outlet,Media outlet
The Donegal News,4,4,3.1188130324222936,222132,-0.58325,0.1625,Ukraine war and moral neutrality,Other Neutrality Debate,Mid,In pictures: Deputy Padraig MacLochlainn addresses the Drumboe Easter Commemoration - Donegal News,https://donegalnews.com/in-pictures-deputy-padraig-maclochlainn-addresses-the-drumboe-easter-commemoration,0.0833333333333333,0.0833333333333333,0.0800633385862996,0.0144027780065147,6.3,0.0052990369109024,Media outlet,Strong preserve,Media amplifier,Media outlet,Media outlet
Offaly Express,4,4,3.0632843698121945,252212,-0.414,0.0,Defence capability and security gaps,Other Neutrality Debate,Mid,"Fuel demonstrations prove protests ‘effective’, say neutrality campaigners",http://offalyexpress.ie/news/national-news/2062602/fuel-demonstrations-prove-protests-effective-say-neutrality-campaigners.html,0.0833333333333333,0.0833333333333333,0.0785216956067399,0.0163531298803373,6.3,0.0052046906228354,Media outlet,Lean preserve,Media amplifier,Media outlet,Media outlet
Cork Live,4,4,3.0469683706286688,225772,-0.52075,0.0875,Defence capability and security gaps,Other Neutrality Debate,Mid,91-year-old woman walks 220km to protest over US military at Co Clare airport,https://www.corklive.ie/news/national-news/2062297/91-year-old-woman-walks-220km-to-protest-us-military-at-co-clare-airport.html,0.0833333333333333,0.0833333333333333,0.0780687143099922,0.0146387913316714,6.2,0.0051769688322013,Media outlet,Strong preserve,Media amplifier,Media outlet,Media outlet
Dublin Live,4,4,2.977237087981844,233992,-0.41675,0.0875,Defence capability and security gaps,Other Neutrality Debate,Mid,'Dublin Central left win could could help end century of FF and FG government',https://www.dublinlive.ie/news/news-opinion/a-left-win-dublin-central-33587775,0.0833333333333333,0.0833333333333333,0.0761327638063216,0.0151717664780418,6.2,0.0050584915022848,Media outlet,Lean preserve,Media amplifier,Media outlet,Media outlet
Kildare Nationalist,4,4,3.012101923635569,229844,-0.17525,-0.1625,Defence capability and security gaps,Defence Capability / Underinvestment,Mid,"Irish neutrality should be put to a public vote, say Sinn Féin - News - Kildare Nationalist",https://kildare-nationalist.ie/news/irish-neutrality-should-be-put-to-a-public-vote-say-sinn-f%C3%A9in_arid-93952.html,0.0833333333333333,0.0833333333333333,0.077100716690339,0.0149028150294841,6.2,0.0051177287983654,Media outlet,Lean preserve,Media amplifier,Media outlet,Media outlet
Carlow Nationalist,4,4,3.014603544232552,233780,-0.17525,-0.1625,Defence capability and security gaps,Defence Capability / Underinvestment,Mid,"Irish neutrality should be put to a public vote, say Sinn Féin - National News - Carlow Nationalist",https://carlow-nationalist.ie/news/national-news/irish-neutrality-should-be-put-to-a-public-vote-say-sinn-f%C3%A9in_arid-93952.html,0.0833333333333333,0.0833333333333333,0.0771701692153879,0.0151580206470162,6.2,0.0051219791909804,Media outlet,Lean preserve,Media amplifier,Media outlet,Media outlet
The Limerick Leader,4,4,3.038025936340638,212476,-0.528,0.0,Defence capability and security gaps,Other Neutrality Debate,Mid,91-year-old woman walks 220km to protest over US military at Co Clare airport,https://limerickleader.ie/news/national-news/2062297/91-year-old-woman-walks-220km-to-protest-us-military-at-co-clare-airport.html,0.0833333333333333,0.0833333333333333,0.0778204453909816,0.0137766943065934,6.2,0.0051617751386797,Media outlet,Strong preserve,Media amplifier,Media outlet,Media outlet
Limerick Today,5,1,3.467434821858074,460000,-0.1116,-0.2,Ukraine war and moral neutrality,Other Neutrality Debate,Bottom,Limerick Today - Neutrality,,0.1111111111111111,0.0,0.0897421298436904,0.0298258597725531,5.8,0.0058913647327245,Media outlet,Mixed / unclear,Media amplifier,Media outlet,Media outlet
The 9-11 Show,5,1,3.5075986418105987,275000,0.065,0.13,Defence capability and security gaps,Other Neutrality Debate,Bottom,The 9-11 Show - Neutrality,,0.1111111111111111,0.0,0.0908571984974572,0.0178306770379394,5.5,0.0059596052980289,Media outlet,Mixed / unclear,Media amplifier,Media outlet,Media outlet
Sunshine 106.8 FM,4,1,3.6705448867249126,336000,-0.54175,0.325,Ukraine war and moral neutrality,Other Neutrality Debate,Top,Sunshine 106.8 FM - Neutrality,,0.0833333333333333,0.0,0.0953810772063978,0.0217858453990823,5.4,0.0062364600364558,Media outlet,Strong preserve,Media amplifier,Media outlet,Media outlet
GalwayBeo,4,2,2.9641339663801274,214080,-0.4645,0.0,Shannon Airport and US military use,Shannon / US Military / Anti-war,Mid,The 91-year-old Galway woman who walked from west of Ireland to Dail to protest,https://www.galwaybeo.ie/news/ireland-news/meet-91-year-old-galway-10918293,0.0833333333333333,0.0277777777777777,0.0757689816715088,0.0138806957828438,5.0,0.0050362285694659,Media outlet,Strong preserve,Media amplifier,Media outlet,Media outlet
The Ditch,5,5,1.222,0,-0.0778,-0.13,Ukraine war and moral neutrality,Budget / Fiscal / Public Finances,Bottom,Rapid movement of NATO and EU soldiers across member states,https://www.ontheditch.com/eu-plans-for-the-rapid-movement-of-nato,0.1111111111111111,0.1111111111111111,0.0274020937891045,0.0,4.8,0.0020762460069924,Media outlet,Mixed / unclear,Media amplifier,Media outlet,Media outlet
Clare FM,4,1,3.1905128973812418,212000,-0.45,-0.1625,Shannon Airport and US military use #3,Other Neutrality Debate,Mid,Clare FM - Neutrality,,0.0833333333333333,0.0,0.0820539428662097,0.0137458310256114,4.7,0.0054208589717231,Media outlet,Strong preserve,Media amplifier,Media outlet,Media outlet
The Neil Prendeville Show,4,1,2.825919434957882,328000,0.0,-0.1625,Defence capability and security gaps,Other Neutrality Debate,Bottom,The Neil Prendeville Show - Neutrality,,0.0833333333333333,0.0,0.0719317298447109,0.0212671347943422,4.5,0.0048013943886363,Media outlet,Mixed / unclear,Media amplifier,Media outlet,Media outlet
The Nationalist (Tipperary),3,3,2.3083689401493706,176196,-0.891,0.4333333333333333,Defence capability and security gaps,Other Neutrality Debate,Mid,91-year-old woman walks 220km to protest over US military at Co Clare airport,http://nationalist.ie/news/national-news/2062297/91-year-old-woman-walks-220km-to-protest-us-military-at-co-clare-airport.html,0.0555555555555555,0.0555555555555555,0.0575629687511544,0.0114243417140973,4.4,0.0039220472951313,Media outlet,Strong preserve,Media amplifier,Media outlet,Media outlet
The Irish Farmers Journal,2,2,2.066644531547884,839254,0.3335,0.175,Ukraine war and moral neutrality,Budget / Fiscal / Public Finances,Top,"Colm McCarthy: Amid uncertainty, prudent progress is needed",http://farmersjournal.ie/viewpoints/viewpoints/colm-mccarthy-amid-uncertainty-prudent-progress-is-needed-914238,0.0277777777777777,0.0277777777777777,0.0508519708629945,0.0544162437338137,4.4,0.0035113440724214,Media outlet,Reform / redefine,Media amplifier,Media outlet,Media outlet
Trinity News,3,3,2.3000253271457014,164577,-0.1109999999999999,-0.3333333333333333,Ukraine war and moral neutrality,Budget / Fiscal / Public Finances,Mid,Students rally around fuel protest demands in solidarity with striking workers – Trinity News,https://www.trinitynews.ie/2026/04/students-rally-around-fuel-protest-demands-in-solidarity-with-striking-workers,0.0555555555555555,0.0555555555555555,0.0573313249152207,0.010670979399538,4.4,0.0039078710322976,Media outlet,Mixed / unclear,Media amplifier,Media outlet,Media outlet
Donegal Live,3,3,2.2984632486094907,161088,-0.8863333333333333,0.0,Defence capability and security gaps,Other Neutrality Debate,Mid,91-year-old woman walks 220km to protest over US military at Co Clare airport,http://donegallive.ie/news/national-news/2062297/91-year-old-woman-walks-220km-to-protest-us-military-at-co-clare-airport.html,0.0555555555555555,0.0555555555555555,0.0572879569085792,0.0104447567370457,4.4,0.0039052169739315,Media outlet,Strong preserve,Media amplifier,Media outlet,Media outlet
The Limerick Post,3,3,2.2411677040198112,189081,-0.6486666666666666,0.0,"NATO, EU security and defence cooperation #2",Other Neutrality Debate,Mid,Limerick women gather to share their pearls of wisdom,https://www.limerickpost.ie/2026/03/20/limerick-women-gather-to-share-their-pearls-of-wisdom,0.0555555555555555,0.0555555555555555,0.0556972599617258,0.0122597899818567,4.3,0.0038078686550503,Media outlet,Strong preserve,Media amplifier,Media outlet,Media outlet
Tullamore Tribune,3,3,2.222854513591149,160203,-0.2863333333333333,0.0,"NATO, EU security and defence cooperation",Shannon / US Military / Anti-war,Mid,91-year-old woman walks 220km to protest over US military at Co Clare airport,http://offalyexpress.ie/news/national-news/2062297/91-year-old-woman-walks-220km-to-protest-us-military-at-co-clare-airport.html,0.0555555555555555,0.0555555555555555,0.0551888306185608,0.0103873743763963,4.3,0.0037767535253426,Media outlet,Lean preserve,Media amplifier,Media outlet,Media outlet
Image Magazine,2,2,2.059257244163212,766128,-0.3335,-0.325,"NATO, EU security and defence cooperation #2",Other Neutrality Debate,Top,How Ireland squandered the opportunity of the Michelin Awards in Dublin | IMAGE.ie,https://www.image.ie/living/how-ireland-squandered-the-opportunity-of-the-michelin-awards-in-dublin-981481,0.0277777777777777,0.0277777777777777,0.0506468775076127,0.0496748397735361,4.3,0.0034987926600361,Media outlet,Lean preserve,Media amplifier,Media outlet,Media outlet
Laois Today,3,3,2.229070206917526,169473,0.1666666666666666,0.2166666666666666,"NATO, EU security and defence cooperation #2",Peacekeeping / Identity / Tradition,Mid,Laois Republicans gather to hold Easter 1916 commemoration with special guest - Laois Today,https://www.laoistoday.ie/2026/04/09/laois-republicans-gather-to-hold-easter-1916-commemoration-with-special-guest,0.0555555555555555,0.0555555555555555,0.0553613969929211,0.0109884302896389,4.3,0.0037873143342212,Media outlet,Reform / redefine,Media amplifier,Media outlet,Media outlet
Cork's RedFM,3,1,2.548073960676099,522000,-0.1666666666666666,-0.3333333333333333,Ukraine war and moral neutrality,Other Neutrality Debate,Mid,Cork's RedFM - Neutrality,,0.0555555555555555,0.0,0.0642179023420284,0.0338458669592886,4.2,0.0043293194651187,Media outlet,Lean preserve,Media amplifier,Media outlet,Media outlet
The Currency,2,2,1.873039811619064,776470,0.0,0.325,Ukraine war and moral neutrality,Budget / Fiscal / Public Finances,Top,Carbon-removal credits licensed by EU get Nasdaq backing - The Currency,https://thecurrency.news/articles/221759/carbon-removal-credits-licensed-by-eu-get-nasdaq-backing,0.0277777777777777,0.0277777777777777,0.0454769205149673,0.0503454029078138,4.1,0.0031823988787331,Media outlet,Mixed / unclear,Media amplifier,Media outlet,Media outlet
TheJournal.ie,2,2,1.9113803185701723,785380,-0.375,0.0,Shannon Airport and US military use,Other Neutrality Debate,Top,"At 91 years of age, with 220 km on the road, activist Lelia Doolan walks for Irish neutrality",https://www.thejournal.ie/film-maker-walks-to-highlight-threat-to-neutrality-7011481-Apr2026,0.0277777777777777,0.0277777777777777,0.0465413685062501,0.050923116843843,4.1,0.0032475415337768,Media outlet,Lean preserve,Media amplifier,Media outlet,Media outlet
Daily Mirror (Ireland),2,2,1.9024055660362484,695296,-0.833,0.0,Defence capability and security gaps,Other Neutrality Debate,Top,91-year-old woman walks 220km to protest US military at Co Clare airport,https://www.irishmirror.ie/news/irish-news/91-year-old-woman-walks-37022409,0.0277777777777777,0.0277777777777777,0.0462922023353599,0.0450821760791676,4.0,0.0032322929297569,Media outlet,Strong preserve,Media amplifier,Media outlet,Media outlet
Cork's 96 FM,3,1,2.429331474719936,375000,-0.4333333333333333,-0.2166666666666666,Sinn Féin and government neutrality clash,Other Neutrality Debate,Mid,Cork's 96 FM - Neutrality,,0.0555555555555555,0.0,0.0609212531658154,0.02431455959719,3.8,0.0041275693731982,Media outlet,Lean preserve,Media amplifier,Media outlet,Media outlet
Clare Live,4,4,1.0149999999999997,0,-0.5327500000000001,0.1625,Defence capability and security gaps,Other Neutrality Debate,Bottom,91-year-old woman walks 220km to protest over US military at Co Clare airport,https://www.clarelive.ie/news/national-news/2062297/91-year-old-woman-walks-220km-to-protest-us-military-at-co-clare-airport.html,0.0833333333333333,0.0833333333333333,0.0216551501068911,0.0,3.7,0.0017245414869863,Media outlet,Strong preserve,Media amplifier,Media outlet,Media outlet
Carlow Times,4,4,1.0149999999999997,0,-0.532,0.325,Defence capability and security gaps,Other Neutrality Debate,Bottom,91-year-old woman walks 220km to protest US military at Co Clare airport,https://www.carlowlive.ie/news/national-news/2062297/91-year-old-woman-walks-220km-to-protest-us-military-at-co-clare-airport.html,0.0833333333333333,0.0833333333333333,0.0216551501068911,0.0,3.7,0.0017245414869863,Media outlet,Strong preserve,Media amplifier,Media outlet,Media outlet
Northern Sound,3,1,2.377219867106896,234000,0.0,-0.2166666666666666,Ukraine war and moral neutrality,Other Neutrality Debate,Mid,Northern Sound - Neutrality,,0.0555555555555555,0.0,0.0594744779284156,0.0151722851886466,3.5,0.0040390288517379,Media outlet,Mixed / unclear,Media amplifier,Media outlet,Media outlet
Ocean FM,3,1,2.328083067975229,150000,-0.25,-0.2166666666666666,Ukraine war and moral neutrality,Other Neutrality Debate,Mid,Ocean FM - Neutrality,,0.0555555555555555,0.0,0.0581102923374305,0.009725823838876,3.3,0.0039555426954421,Media outlet,Lean preserve,Media amplifier,Media outlet,Media outlet
Deise Today,3,1,2.04207369663776,195000,-0.1666666666666666,0.0,Defence capability and security gaps,Other Neutrality Debate,Bottom,Deise Today - Neutrality,,0.0555555555555555,0.0,0.0501698104550068,0.0126435709905388,3.0,0.003469596856488,Media outlet,Lean preserve,Media amplifier,Media outlet,Media outlet
FM104,2,1,1.671202649725527,504000,-0.8285,0.325,Sinn Féin and government neutrality clash,Other Neutrality Debate,Mid,FM104 - Neutrality,,0.0277777777777777,0.0,0.0398733127740014,0.0326787680986234,2.8,0.0028394663079932,Media outlet,Strong preserve,Media amplifier,Media outlet,Media outlet
eolas Magazine,2,2,1.5670045620537367,123134,-0.25,0.325,Defence capability and security gaps,Other Neutrality Debate,Mid,100 years of Fianna Fáil | Eolas Magazine,https://www.eolasmagazine.ie/100-years-of-fianna-fail,0.0277777777777777,0.0277777777777777,0.0369804599158172,0.0079838639505077,2.6,0.0026624279581857,Media outlet,Lean preserve,Media amplifier,Media outlet,Media outlet
Galway Advertiser,2,2,1.5660590723694403,121638,0.25,0.325,Sinn Féin and government neutrality clash,Other Neutrality Debate,Mid,Ireland's role in an uncertain world,https://advertiser.ie/galway/article/149839/irelands-role-in-an-uncertain-world,0.0277777777777777,0.0277777777777777,0.0369542102734609,0.0078868650674213,2.6,0.0026608215185935,Media outlet,Reform / redefine,Media amplifier,Media outlet,Media outlet
Derry Post,2,2,1.3250656835212695,219786,0.0,0.0,Sinn Féin and government neutrality clash #2,Other Neutrality Debate,Bottom,Business rates revaluation U-turn urged as firms ‘close doors’ over costs,https://derrynow.com/news/northern-ireland/2000275/business-rates-revaluation-u-turn-urged-as-firms-close-doors-over-costs.html,0.0277777777777777,0.0277777777777777,0.0302635076961846,0.0142506661216747,2.5,0.0022513603391274,Media outlet,Mixed / unclear,Media amplifier,Media outlet,Media outlet
The Munster Express,2,2,1.485206152992748,111700,-0.2915,0.5,"NATO, EU security and defence cooperation #2",Triple Lock / UN Mandate,Mid,Dr Morgan McMonagle to lead St. Patrick's Day Parade Esteemed Humanitarian and Surgeon announced as Grand Marshall of Waterford’s 2026 Parade - The Munster Express,https://www.munster-express.ie/dr-morgan-mcmonagle-to-lead-st-patricks-day-parade-esteemed-humanitarian-and-surgeon-announced-as-grand-marshall-of-waterfords-2026-parade,0.0277777777777777,0.0277777777777777,0.0347094896251498,0.007242496818683,2.5,0.0025234479089294,Media outlet,Lean preserve,Media amplifier,Media outlet,Media outlet
Dublin InQuirer,2,2,1.4860611473735652,113004,-0.3335,0.0,Defence capability and security gaps,Other Neutrality Debate,Mid,Dublin city councillors back motion condeming US/Israel attack on Iran,https://www.dublininquirer.com/dublin-city-councillors-back-motion-condeming-us-israel-attack-on-iran,0.0277777777777777,0.0277777777777777,0.0347332268452231,0.0073270466472556,2.5,0.0025249005919647,Media outlet,Lean preserve,Media amplifier,Media outlet,Media outlet
Ireland Live,2,2,1.48475367487887,111016,0.295,0.0,"NATO, EU security and defence cooperation",Defence Capability / Underinvestment,Mid,Ireland and UK enhance defence co-operation,https://www.ireland-live.ie/news/ireland/2038224/ireland-and-uk-enhance-defence-co-operation.html,0.0277777777777777,0.0277777777777777,0.0346969274694112,0.0071981470619777,2.5,0.0025226791234325,Media outlet,Reform / redefine,Media amplifier,Media outlet,Media outlet
Irish Star,3,3,0.705,0,-0.4666666666666666,0.2166666666666666,Ukraine war and moral neutrality,Shannon / US Military / Anti-war,Bottom,Furious 91-year-old walks 137 miles to protest against the US military,https://www.irishstar.com/news/ireland-news/91-year-old-woman-walks-37023607,0.0555555555555555,0.0555555555555555,0.0130486160900497,0.0,2.4,0.0011978342348033,Media outlet,Strong preserve,Media amplifier,Media outlet,Media outlet
Q102,2,1,1.8419739287432293,184000,-0.75,0.65,Sinn Féin and government neutrality clash,Other Neutrality Debate,Top,Q102 - Neutrality,,0.0277777777777777,0.0,0.0446144380061477,0.0119303439090212,2.4,0.0031296162148423,Media outlet,Strong preserve,Media amplifier,Media outlet,Media outlet
Highland Radio,2,1,1.6215087152259031,90000,0.0,-0.325,Defence capability and security gaps,Other Neutrality Debate,Mid,Highland Radio - Neutrality,,0.0277777777777777,0.0,0.0384936594265765,0.0058354943033256,2.0,0.0027550335477014,Media outlet,Mixed / unclear,Media amplifier,Media outlet,Media outlet
University Observer,2,1,1.569281119218328,126812,0.0,0.0,Ukraine war and moral neutrality,Other Neutrality Debate,Mid,University Observer,https://universityobserver.ie/verdis-meet-the-teen-who-founded-his-own-country,0.0277777777777777,0.0,0.0370436640018764,0.0082223411510369,2.0,0.0026662959555038,Media outlet,Mixed / unclear,Media amplifier,Media outlet,Media outlet
Town Talk,2,1,1.429451587646432,130000,-0.4,0.0,Sinn Féin and government neutrality clash #2,Other Neutrality Debate,Bottom,Town Talk - Neutrality,,0.0277777777777777,0.0,0.0331615749049973,0.0084290473270258,1.9,0.0024287177995416,Media outlet,Lean preserve,Media amplifier,Media outlet,Media outlet
The Sun (Ireland),1,1,0.939448950117718,420369,0.0,0.0,Sinn Féin and government neutrality clash,Other Neutrality Debate,Top,Drogheda United tell Byrne to resign as Sinn Fein TD refuses to step down,https://www.thesun.ie/sport/16700284/drogheda-united-joanna-byrne-sinn-fein-td-resign,0.0,0.0,0.0195576253300526,0.0272562322754965,1.5,0.0015961760486539,Media outlet,Mixed / unclear,Media amplifier,Media outlet,Media outlet
Banbridge Leader,1,1,0.7660141377500489,105454,0.0,0.0,Sinn Féin and government neutrality clash #2,Other Neutrality Debate,Mid,"September 11, 2011",https://www.northernirelandworld.com/archive/2011-09-11,0.0,0.0,0.0147425523869983,0.0068375135140322,0.8,0.0013015006504118,Media outlet,Mixed / unclear,Media amplifier,Media outlet,Media outlet
The Niall Boylan Show,1,1,0.7517629072569305,70000,0.0,0.0,Ukraine war and moral neutrality,Ukraine / Russia / Moral Responsibility,Bottom,The Niall Boylan Show - Neutrality,,0.0,0.0,0.0143468952901567,0.0045387177914754,0.7,0.0012772870166916,Media outlet,Mixed / unclear,Media amplifier,Media outlet,Media outlet
Midwest Radio,1,1,0.7884208247790276,70000,-0.5,-0.65,Ukraine war and moral neutrality,Other Neutrality Debate,Mid,Midwest Radio - Neutrality,,0.0,0.0,0.0153646295293196,0.0045387177914754,0.7,0.0013395708586555,Media outlet,Strong preserve,Media amplifier,Media outlet,Media outlet
Irish Farmers Monthly (IFM),1,1,0.8165187901203504,55377,0.0,-0.65,Ukraine war and moral neutrality,Other Neutrality Debate,Mid,No easy decisions ahead for Government,https://irishfarmersmonthly.com/opinion-mobile/matt-o-keeffe/no-easy-decisions-ahead-for-government,0.0,0.0,0.0161447137051716,0.0035905796448362,0.7,0.0013873108654841,Media outlet,Mixed / unclear,Media amplifier,Media outlet,Media outlet
The Anglo Celt,1,1,0.7472825319893692,63416,0.0,0.0,Defence capability and security gaps,Other Neutrality Debate,Mid,"LIVE: Fuel Protests, as it happens | Anglo Celt",https://www.anglocelt.ie/2026/04/09/live-fuel-protests-as-it-happens,0.0,0.0,0.0142225065735487,0.0041118189637744,0.7,0.0012696746097693,Media outlet,Mixed / unclear,Media amplifier,Media outlet,Media outlet
South East Radio,1,1,0.7933391462033385,80000,-0.75,-0.65,Triple Lock and UN mandate debate,Other Neutrality Debate,Mid,South East Radio - Neutrality,,0.0,0.0,0.0155011769507522,0.0051871060474005,0.7,0.0013479273604709,Media outlet,Strong preserve,Media amplifier,Media outlet,Media outlet
Radio Kerry,1,1,0.794695105640161,83000,-0.5,-0.65,Ukraine war and moral neutrality,Other Neutrality Debate,Mid,Radio Kerry - Neutrality,,0.0,0.0,0.0155388224701666,0.005381622524178,0.7,0.0013502312110162,Media outlet,Strong preserve,Media amplifier,Media outlet,Media outlet
Connacht (Connaught) Tribune,1,1,0.7842819732227284,62560,-0.667,0.0,Triple Lock and UN mandate debate,Other Neutrality Debate,Mid,Public meeting on neutrality in Galway,https://connachttribune.ie/news/public-meeting-on-neutrality-in-galway-8114409,0.0,0.0,0.0152497225399327,0.0040563169290672,0.7,0.0013325387195252,Media outlet,Strong preserve,Media amplifier,Media outlet,Media outlet
New Ross Standard,1,1,0.7473707093884694,63568,0.0,0.0,Ukraine war and moral neutrality,Ukraine / Russia / Moral Responsibility,Mid,Women overtake men as single female house buyers are on the rise,https://independent.ie/irish-news/women-overtake-men-as-single-female-house-buyers-are-on-the-rise/a1509685684.html,0.0,0.0,0.0142249546438225,0.0041216744652644,0.7,0.0012698244280776,Media outlet,Mixed / unclear,Media amplifier,Media outlet,Media outlet
Nenagh Guardian,1,1,0.7796031023070572,55097,-0.833,0.65,Shannon Airport and US military use,Shannon / US Military / Anti-war,Mid,Neutrality campaigner (91) in Nenagh | Nenagh Guardian,https://www.nenaghguardian.ie/2026/04/27/neutrality-campaigner-91-in-nenagh,0.0,0.0,0.0151198229860742,0.0035724247736703,0.7,0.00132458905745,Media outlet,Strong preserve,Media amplifier,Media outlet,Media outlet
College Tribune,1,1,0.7470623291139693,63038,-0.75,0.0,Ukraine war and moral neutrality,Public Consent / Referendum,Mid,“We Need to Fight”: Tia Cullen’s Vision for a Stronger SU,https://www.collegetribune.ie/we-need-to-fight-tia-cullens-vision-for-a-stronger-su,0.0,0.0,0.0142163930782657,0.0040873098877004,0.7,0.0012693004728292,Media outlet,Strong preserve,Media amplifier,Media outlet,Media outlet
Laois People,1,1,0.7824552494611079,59533,-0.917,0.65,Shannon Airport and US military use,Shannon / US Military / Anti-war,Mid,Local TD joins Leila Doolan on her Neutrality march from Shannon Airport to Dublin - Laois People,https://www.laoispeople.ie/local-td-joins-leila-doolan-on-neutrality-march-through-laois,0.0,0.0,0.015199007184469,0.0038600498039987,0.7,0.001329435014193,Media outlet,Strong preserve,Media amplifier,Media outlet,Media outlet
Irish Marketing Journal,1,1,0.8218898546193859,63227,0.0,0.65,Ukraine war and moral neutrality,Other Neutrality Debate,Mid,Opinion: Why Trust is the Central Issue in Journalism Today,https://www.adworld.ie/2026/03/06/opinion-why-trust-is-the-central-issue-in-journalism-today,0.0,0.0,0.0162938306384542,0.0040995644257374,0.7,0.0013964366029796,Media outlet,Mixed / unclear,Media amplifier,Media outlet,Media outlet
BallinEurope,1,1,0.7414570432253949,54139,0.0,0.0,Ukraine war and moral neutrality,Other Neutrality Debate,Mid,Forza Achi,https://www.ballineurope.com/forza-achi-8618/#comments,0.0,0.0,0.0140607734535104,0.0035103091787527,0.6,0.001259776780158,Media outlet,Mixed / unclear,Media amplifier,Media outlet,Media outlet
Business & Finance,1,1,0.7405729711698419,52855,0.0,0.65,Ukraine war and moral neutrality,Other Neutrality Debate,Mid,Insights from Ireland Day 2026,https://businessandfinance.com/news/insights-from-ireland-day-2026,0.0,0.0,0.0140362289495767,0.0034270561266919,0.6,0.0012582746925351,Media outlet,Mixed / unclear,Media amplifier,Media outlet,Media outlet
Tuam Herald,1,1,0.7438193175805623,57725,0.0,0.0,Defence capability and security gaps,Other Neutrality Debate,Mid,"LIVE: Fuel Protests, as it happens | Tuam Herald",https://www.tuamindependent.ie/2026/04/09/live-fuel-protests-as-it-happens,0.0,0.0,0.0141263573070423,0.0037428212073274,0.6,0.0012637904157532,Media outlet,Mixed / unclear,Media amplifier,Media outlet,Media outlet
The Medical Independent,1,1,0.7449360650239087,59502,0.0,0.0,Ukraine war and moral neutrality,Ukraine / Russia / Moral Responsibility,Mid,The concerning rise of ‘healthocide’ - Medical Independent,https://www.medicalindependent.ie/in-the-news/news-features/the-concerning-rise-of-healthocide,0.0,0.0,0.0141573615807822,0.0038580398004053,0.6,0.0012656878318089,Media outlet,Mixed / unclear,Media amplifier,Media outlet,Media outlet
Morning Focus,1,1,0.7404912651510649,53000,0.0,0.65,Ukraine war and moral neutrality,Peacekeeping / Identity / Tradition,Bottom,Morning Focus - Neutrality,,0.0,0.0,0.0140339605443187,0.0034364577564028,0.6,0.001258135869462,Media outlet,Mixed / unclear,Media amplifier,Media outlet,Media outlet
Donegal Daily,1,1,0.7411701895610137,53719,-0.625,0.35,Referendum and constitutional protection,Public Consent / Referendum,Mid,Annual Drumboe commemoration told Govt blocking Irish unity referendum - Donegal Daily,https://www.donegaldaily.com/2026/04/05/annual-drumboe-commemoration-told-irish-govt-blocking-irish-unity-2,0.0,0.0,0.0140528095315093,0.0034830768720038,0.6,0.0012592893998182,Media outlet,Strong preserve,Media amplifier,Media outlet,Media outlet
Herfamily.ie,1,1,0.7427150195593843,56020,-0.5,0.0,Ukraine war and moral neutrality,Peacekeeping / Identity / Tradition,Mid,Ireland named one of the safest countries to be in if WW3 kicks off,https://herfamily.ie/news/worlds-safest-countries-revealed-amid-ww3-fears-as-raf-base-hit-by-iran-461280,0.0,0.0,0.0140956986667713,0.0036322710096922,0.6,0.0012619141519586,Media outlet,Strong preserve,Media amplifier,Media outlet,Media outlet
Extra.ie,1,1,0.7448753516409954,59404,-0.909,0.0,Shannon Airport and US military use,Shannon / US Military / Anti-war,Mid,"Lelia Doolan, 91, walks from Shannon Airport to Leinster House",https://extra.ie/2026/04/15/news/irish-news/shannon-airport-lelia-doolan,0.0,0.0,0.0141556759943457,0.0038516855954972,0.6,0.0012655846763925,Media outlet,Strong preserve,Media amplifier,Media outlet,Media outlet
Farmview,1,1,0.6806912322125866,65000,-0.5,0.0,Triple Lock and UN mandate debate,Other Neutrality Debate,Bottom,Farmview - Neutrality,,0.0,0.0,0.0123737314549856,0.0042145236635129,0.6,0.001156532285496,Media outlet,Strong preserve,Media amplifier,Media outlet,Media outlet
Dundalk FM,1,1,0.6981912322125866,65000,0.0,0.0,Ukraine war and moral neutrality,Ukraine / Russia / Moral Responsibility,Low,Dundalk FM - Neutrality,,0.0,0.0,0.0128595841817428,0.0042145236635129,0.6,0.0011862657594095,Media outlet,Mixed / unclear,Media amplifier,Media outlet,Media outlet
The Current Affairs Show,1,1,0.6869313549356421,77000,0.0,0.0,Ukraine war and moral neutrality,Other Neutrality Debate,Bottom,The Current Affairs Show - Neutrality,,0.0,0.0,0.0125469760630026,0.004992589570623,0.6,0.001167134601279,Media outlet,Mixed / unclear,Media amplifier,Media outlet,Media outlet
The Mayo News,1,1,0.6703331641380599,1500,-0.667,0.0,Ukraine war and moral neutrality,Triple Lock / UN Mandate,Mid,BUYER'S REMORSE AND BREXIT,,0.0,0.0,0.0120861602768174,9.725823838876036e-05,0.5,0.001138933351388,Media outlet,Strong preserve,Media amplifier,Media outlet,Media outlet
9 Till Noon Show,1,1,0.6671470072504302,45000,-0.75,-0.35,Triple Lock and UN mandate debate,Peacekeeping / Identity / Tradition,Bottom,9 Till Noon Show - Neutrality,,0.0,0.0,0.0119977029618613,0.0029177471516628,0.5,0.0011335198935193,Media outlet,Strong preserve,Media amplifier,Media outlet,Media outlet
Dundalk Leader,1,1,0.6093937855800544,1500,0.0,0.0,Ukraine war and moral neutrality,Ukraine / Russia / Moral Responsibility,Mid,Dundalk Irish Red Cross—2025 Year in Review,,0.0,0.0,0.0103942995202862,9.725823838876036e-05,0.4,0.0010353939558073,Media outlet,Mixed / unclear,Media amplifier,Media outlet,Media outlet
Drogheda Life,1,1,0.6265602745284736,14950,0.0,0.35,Ukraine war and moral neutrality,Other Neutrality Debate,Bottom,Neutrality Roadshow coming to Drogheda on 2nd July,https://droghedalife.com/neutrality-roadshow-coming-to-drogheda-on-2nd-july,0.0,0.0,0.0108708929753969,0.0009693404426079,0.4,0.0010645607758836,Media outlet,Mixed / unclear,Media amplifier,Media outlet,Media outlet
Roscommon People,1,1,0.6093937855800544,1500,0.0,0.0,Ukraine war and moral neutrality,Other Neutrality Debate,Mid,,,0.0,0.0,0.0103942995202862,9.725823838876036e-05,0.4,0.0010353939558073,Media outlet,Mixed / unclear,Media amplifier,Media outlet,Media outlet
BBC World Service,1,1,0.29,0,0.0,0.65,Ukraine war and moral neutrality,Other Neutrality Debate,,BBC World Service - Neutrality,,0.0,0.0,0.0015269657126654,0.0,0.1,0.0004927261391389,Media outlet,Mixed / unclear,Media amplifier,Media outlet,Media outlet
AgendaNi,1,1,0.235,0,0.0,0.0,Ukraine war and moral neutrality,Other Neutrality Debate,Bottom,Supporting planners to protect the environment - agendaNi,https://www.agendani.com/supporting-planners-to-protect-the-environment,0.0,0.0,0.0,0.0,0.0,0.0003992780782677,Media outlet,Mixed / unclear,Media amplifier,Media outlet,Media outlet
